{"type":"FeatureCollection","features":[{"type":"Feature","properties":{"id":"qingzang","name":"青藏走廊 · 格尔木—那曲","start":"格尔木","end":"那曲","roadRef":"G109","sourceVersion":"Geofabrik China Qinghai/Tibet 2026-09-25; OSM way versions recorded in route-evidence.json","lengthKm":823.6,"sourceKind":"public-geography"},"geometry":{"type":"LineString","coordinates":[[94.9010422,36.390599],[94.8966445,36.3906508],[94.8946211,36.3906892],[94.8944451,36.3906989],[94.8896622,36.3907912],[94.8891686,36.3907958],[94.8854416,36.390838],[94.8803364,36.390907],[94.880086,36.3908795],[94.8799046,36.3908481],[94.8797415,36.390802],[94.8796716,36.3907678],[94.8795272,36.3906971],[94.8793619,36.3904002],[94.8779637,36.3883445],[94.8775472,36.3877321],[94.8767639,36.3867633],[94.8757658,36.3857393],[94.8746854,36.384794],[94.8712534,36.3820144],[94.8670446,36.3786077],[94.8667416,36.3783463],[94.8663631,36.3780105],[94.8659375,36.3776426],[94.8657239,36.3774707],[94.8623935,36.3746343],[94.8579397,36.3708501],[94.8573742,36.370354],[94.85588,36.3690946],[94.8558038,36.3689809],[94.8557277,36.3689133],[94.8546299,36.3679385],[94.853617,36.3671],[94.8504095,36.3643343],[94.8503242,36.3642608],[94.848327,36.3625836],[94.8463744,36.3609335],[94.844533,36.359267],[94.8401733,36.3551381],[94.8397827,36.3547681],[94.8392678,36.3542804],[94.8387634,36.3538027],[94.8371855,36.3523083],[94.8354588,36.350673],[94.831,36.34645],[94.8297464,36.3451946],[94.8294899,36.3449398],[94.8288921,36.3443649],[94.8255604,36.341215],[94.8240216,36.3397602],[94.8207712,36.3367037],[94.8160475,36.3321661],[94.8157837,36.3319024],[94.8155208,36.331587],[94.8151576,36.3310545],[94.8149288,36.3306539],[94.814621,36.3299772],[94.8145019,36.3296524],[94.8143916,36.3293652],[94.8143484,36.3292637],[94.8142662,36.3290644],[94.8080199,36.3140336],[94.7977822,36.2892457],[94.797548,36.2887579],[94.7973082,36.2883212],[94.7896858,36.2774478],[94.7893632,36.2770456],[94.7889327,36.2766628],[94.7885755,36.276463],[94.7882229,36.2763076],[94.7878663,36.2761927],[94.7875727,36.27612],[94.7872198,36.2760326],[94.7867258,36.2759103],[94.7863781,36.275797],[94.7858873,36.2755654],[94.7855928,36.2753715],[94.7854363,36.2752574],[94.785167,36.274983],[94.7850064,36.2747979],[94.7848413,36.2745554],[94.7847164,36.2743385],[94.784596,36.2740378],[94.7843547,36.2729038],[94.7832118,36.2671709],[94.7815571,36.2589919],[94.7814145,36.2584497],[94.7808372,36.2567672],[94.7767523,36.2460231],[94.7758445,36.2436318],[94.7750298,36.2415142],[94.7747688,36.2407634],[94.774514,36.2399229],[94.7743562,36.239217],[94.7742342,36.2385574],[94.77361,36.2346254],[94.772617,36.228383],[94.7715091,36.2214058],[94.7711108,36.2189077],[94.7710796,36.2184676],[94.771097,36.2181189],[94.7711409,36.2177699],[94.7712057,36.2174464],[94.7712799,36.2171802],[94.7714069,36.2168956],[94.7716017,36.2165286],[94.7718435,36.2161255],[94.7736474,36.213484],[94.7745649,36.212133],[94.7751506,36.2112811],[94.775418,36.2108535],[94.7756295,36.2104314],[94.7757882,36.2099611],[94.7759093,36.2094467],[94.7759518,36.2090211],[94.7759357,36.2085514],[94.7743895,36.1949459],[94.7739782,36.1913222],[94.7733063,36.1853393],[94.7730317,36.1828944],[94.7727171,36.1801238],[94.7726885,36.1795922],[94.7726885,36.1790961],[94.7727331,36.1786514],[94.7731069,36.1757949],[94.7734413,36.172964],[94.7740218,36.1682055],[94.7760786,36.1516285],[94.7763278,36.1495597],[94.776465,36.1484261],[94.7764931,36.1481929],[94.7766387,36.1470245],[94.7767652,36.1460314],[94.7768683,36.1451949],[94.7771839,36.142624],[94.7773339,36.1419605],[94.7775165,36.1414786],[94.7777279,36.1410883],[94.778034,36.1406632],[94.7787136,36.1399103],[94.7806797,36.1378298],[94.7816891,36.136773],[94.7819884,36.1364748],[94.7822991,36.1362674],[94.7828105,36.1360339],[94.7836556,36.1356814],[94.7852316,36.135035],[94.7861301,36.1346316],[94.7868197,36.1343153],[94.7874322,36.1340508],[94.7879824,36.1339375],[94.7885262,36.133811],[94.7889102,36.1336448],[94.7894194,36.1333329],[94.7896999,36.1332231],[94.7899087,36.1331945],[94.7901422,36.1331847],[94.790345,36.1332022],[94.7905435,36.1332544],[94.7907895,36.1333729],[94.7909923,36.1334827],[94.7911908,36.1335524],[94.7914087,36.133596],[94.7916849,36.1336082],[94.7919424,36.1335669],[94.7922373,36.1334374],[94.7930939,36.1330035],[94.7937137,36.1326563],[94.7940929,36.1324197],[94.7944079,36.132174],[94.794722,36.1318735],[94.7948845,36.1317338],[94.7950628,36.1316296],[94.7952729,36.1315455],[94.795581,36.1314665],[94.7959462,36.1314319],[94.7966357,36.1313561],[94.7970434,36.1313632],[94.7973365,36.1314153],[94.7976368,36.1315134],[94.798025,36.1317004],[94.8015292,36.1337829],[94.8019889,36.134055],[94.8023133,36.134223],[94.8026418,36.1343582],[94.8030192,36.1344751],[94.8034089,36.1345434],[94.8039597,36.1345806],[94.8050328,36.1346053],[94.8059966,36.1346192],[94.8064221,36.1346037],[94.8066535,36.1345515],[94.8068423,36.1344579],[94.8070133,36.1343416],[94.8071728,36.1341703],[94.8073324,36.1339884],[94.8077042,36.1334425],[94.8091759,36.1312856],[94.8099921,36.1301039],[94.8107313,36.1290621],[94.810964,36.1287977],[94.811324,36.1284699],[94.8119633,36.1280627],[94.8129412,36.1274694],[94.8146564,36.1264457],[94.8163305,36.1254453],[94.8168412,36.1251468],[94.8171494,36.1249201],[94.8172991,36.1247548],[94.817415,36.1245342],[94.8174669,36.1243296],[94.8174593,36.1241423],[94.8174217,36.1239268],[94.8172731,36.1235273],[94.8171585,36.1232427],[94.816417,36.1213704],[94.8154333,36.1188912],[94.8150491,36.1179196],[94.8147235,36.1170963],[94.8144105,36.1162997],[94.8141819,36.1157316],[94.8138783,36.1149564],[94.8134741,36.113946],[94.8126285,36.1118065],[94.8105376,36.1065388],[94.8103259,36.1060033],[94.8101208,36.1056296],[94.8097583,36.1050456],[94.8095455,36.1047746],[94.809127,36.1042729],[94.80852,36.1036489],[94.8080552,36.1031351],[94.8072475,36.1020586],[94.8071751,36.1019719],[94.8067464,36.1013633],[94.8066825,36.1011555],[94.8066602,36.1008645],[94.806762,36.0999716],[94.8067463,36.0996892],[94.8066548,36.0993886],[94.8064831,36.099088],[94.805067,36.097333],[94.8039913,36.0960498],[94.8028462,36.0946645],[94.8023061,36.0940099],[94.8018228,36.0934101],[94.801538,36.0929812],[94.8012858,36.0924784],[94.8008648,36.0916265],[94.8006519,36.0911292],[94.8005628,36.090882],[94.8005248,36.0906807],[94.8005412,36.0904843],[94.8005852,36.0903181],[94.8007195,36.0901196],[94.8008808,36.0899502],[94.8011804,36.0897828],[94.8025248,36.0891572],[94.8028779,36.0889483],[94.8031584,36.0887164],[94.8034904,36.0883787],[94.8051645,36.0866927],[94.8056698,36.0863519],[94.8077967,36.0857151],[94.808783,36.085267],[94.81105,36.084167],[94.8128513,36.0835366],[94.8134558,36.0834101],[94.8149747,36.0831428],[94.81595,36.083],[94.8182688,36.0825877],[94.8184701,36.0825321],[94.8186508,36.0824615],[94.818869,36.0823395],[94.8190291,36.0822265],[94.8191747,36.0821027],[94.8192736,36.0819889],[94.8193484,36.0818788],[94.8194207,36.0817101],[94.8194715,36.0815277],[94.8194998,36.0813206],[94.8194892,36.0810321],[94.8194892,36.0807408],[94.8194806,36.0801078],[94.8194741,36.0798556],[94.8194266,36.0796754],[94.819349,36.0795149],[94.8192519,36.0793812],[94.8191267,36.0792412],[94.8189917,36.079141],[94.8188074,36.0790424],[94.8186326,36.0789691],[94.8184328,36.0789123],[94.8182205,36.0788907],[94.8180306,36.0788872],[94.8178169,36.0789123],[94.8172668,36.07899],[94.8169949,36.0790267],[94.8167813,36.0790319],[94.816573,36.0790218],[94.8163649,36.0789726],[94.8161566,36.0789045],[94.8159916,36.0788174],[94.8158363,36.0787093],[94.8157155,36.078582],[94.8156264,36.0784472],[94.8155411,36.0782938],[94.8152727,36.0777043],[94.8148347,36.0767056],[94.8147035,36.0763652],[94.8146425,36.0760866],[94.814612,36.0757931],[94.814625,36.0755305],[94.8146486,36.0752949],[94.814734,36.0749718],[94.8150305,36.0739197],[94.8152222,36.0732392],[94.816967,36.06715],[94.8175385,36.0651213],[94.8181496,36.0629967],[94.8193345,36.0588106],[94.8205741,36.0544346],[94.8207276,36.0539118],[94.8207794,36.0536431],[94.820833,36.0533104],[94.8208592,36.052968],[94.8208673,36.052366],[94.8208667,36.0511354],[94.8209042,36.0328557],[94.8209071,36.0314475],[94.820892,36.0174086],[94.8209323,36.0166276],[94.8210319,36.0158034],[94.8211018,36.0150529],[94.821933,36.007267],[94.822005,36.006537],[94.82215,36.005067],[94.8224804,36.0018993],[94.8227289,36.0013277],[94.8233216,36.0008022],[94.8238003,36.0005809],[94.8243032,36.0005528],[94.8273,36.0011],[94.8284101,36.0012632],[94.8287858,36.0012812],[94.8291912,36.0012079],[94.8294992,36.0010686],[94.8298126,36.0008098],[94.8299822,36.0005268],[94.830066,36.0001184],[94.8300915,35.9998241],[94.8300823,35.9993287],[94.829932,35.9989304],[94.8293735,35.9985431],[94.8284544,35.9983738],[94.8264668,35.9982317],[94.8260716,35.9981967],[94.8257542,35.998129],[94.8254592,35.9980283],[94.8252118,35.9978629],[94.8248165,35.9975886],[94.8243434,35.9972467],[94.8240083,35.996961],[94.8238846,35.9968125],[94.8237692,35.9966304],[94.8236969,35.9963995],[94.8233225,35.9949707],[94.8228465,35.9930956],[94.8226022,35.992165],[94.8221354,35.9902535],[94.8210414,35.9860053],[94.8206767,35.9846064],[94.8203261,35.9833123],[94.8201339,35.9827391],[94.8196234,35.9817235],[94.8191249,35.9806717],[94.8181007,35.9785624],[94.8170064,35.9762689],[94.816655,35.9753648],[94.816617,35.975267],[94.8162711,35.9740902],[94.816143,35.9736581],[94.8160514,35.9733],[94.8159988,35.9729209],[94.816027,35.972658],[94.8160789,35.9723987],[94.8162132,35.9720678],[94.8163749,35.9718109],[94.8166386,35.9714627],[94.8170175,35.9710779],[94.8172246,35.970816],[94.8173778,35.9706134],[94.8175116,35.9703602],[94.8177887,35.9695343],[94.8182304,35.96818],[94.8185094,35.967333],[94.8198103,35.9632724],[94.8201557,35.9622466],[94.8202283,35.9619871],[94.8202979,35.9616517],[94.8203,35.9613373],[94.8202655,35.9610195],[94.8201792,35.9606929],[94.8198258,35.9599784],[94.8190055,35.958406],[94.8183684,35.9571544],[94.8181652,35.9567884],[94.8178522,35.9563706],[94.8173732,35.9558745],[94.816617,35.9551873],[94.8139451,35.9528381],[94.8134907,35.9523991],[94.8130025,35.9517915],[94.8127348,35.9512888],[94.8125483,35.9508154],[94.8124275,35.9502635],[94.812363,35.9497376],[94.8123112,35.9490901],[94.8122888,35.9488108],[94.8119534,35.9450382],[94.8118595,35.9444161],[94.8117434,35.9439915],[94.8114708,35.9435794],[94.8109504,35.9431103],[94.8103105,35.942697],[94.8077123,35.9415168],[94.8051441,35.940348],[94.8042449,35.9399225],[94.8016415,35.9386905],[94.8005619,35.9379394],[94.8000569,35.9374337],[94.7997862,35.9370459],[94.797817,35.933267],[94.7968939,35.9312635],[94.7964103,35.9302656],[94.7961809,35.9299622],[94.7959418,35.9297057],[94.7957965,35.9295762],[94.7954112,35.9292875],[94.7950365,35.9290881],[94.7946688,35.9289428],[94.7942156,35.9288317],[94.7932588,35.9286532],[94.7898094,35.928006],[94.7893196,35.9278738],[94.788914,35.927741],[94.7885969,35.9275603],[94.7883001,35.9272912],[94.7880845,35.9269605],[94.7862518,35.9230073],[94.7860751,35.9227278],[94.7857809,35.9224257],[94.7853791,35.922157],[94.7800241,35.9187022],[94.7657689,35.9094303],[94.759127,35.9050823],[94.7575795,35.9040891],[94.75705,35.903817],[94.7565544,35.9036619],[94.7560102,35.9035312],[94.7552927,35.9034004],[94.7543599,35.9032599],[94.752283,35.90295],[94.7506798,35.9026722],[94.7503626,35.902602],[94.749904,35.9024777],[94.749764,35.9024213],[94.7494512,35.9022261],[94.7491383,35.9019213],[94.7486647,35.9014692],[94.7482884,35.9009418],[94.7473413,35.8997088],[94.7467578,35.8989518],[94.7463857,35.8985408],[94.7461193,35.8983182],[94.745717,35.898117],[94.7452018,35.8979757],[94.7448297,35.8979483],[94.7443562,35.8979928],[94.7439418,35.8980853],[94.7434852,35.8983148],[94.7430031,35.8986093],[94.7408679,35.9000478],[94.740434,35.9002944],[94.7400053,35.9004828],[94.7391555,35.9008013],[94.7350457,35.9023768],[94.7330723,35.9031495],[94.732272,35.9033872],[94.7315912,35.9035653],[94.7309951,35.9037022],[94.7290166,35.9042197],[94.7267192,35.9048527],[94.7240903,35.9054394],[94.7209516,35.9062439],[94.7201456,35.9064415],[94.7156064,35.9075546],[94.7148582,35.9077738],[94.7141675,35.9080036],[94.7136053,35.9082835],[94.7131495,35.9085715],[94.7122157,35.9092156],[94.7118047,35.9094779],[94.7113443,35.9096994],[94.7108597,35.9098348],[94.7102103,35.9099838],[94.70775,35.910567],[94.7069579,35.9107432],[94.7062582,35.9109758],[94.7055001,35.9113847],[94.7044803,35.9119652],[94.7037944,35.9123367],[94.7034307,35.9124943],[94.702951,35.9126243],[94.7023971,35.9127184],[94.7019048,35.9127498],[94.7013441,35.9127535],[94.7007835,35.9127784],[94.7002261,35.9129016],[94.7000635,35.9129499],[94.6990753,35.9132436],[94.6983637,35.9133756],[94.6976764,35.9134864],[94.6970091,35.9135569],[94.6965095,35.9134995],[94.6956929,35.913302],[94.6941081,35.9129382],[94.6931363,35.9128273],[94.686967,35.91215],[94.68445,35.911883],[94.6828365,35.9116939],[94.6814091,35.9113241],[94.6795115,35.9106483],[94.6769744,35.9097521],[94.6722891,35.9080682],[94.6711793,35.9077301],[94.6708094,35.907648],[94.6703257,35.9075718],[94.6699028,35.9075526],[94.669508,35.9075753],[94.6691239,35.9076347],[94.6685136,35.9077784],[94.6666706,35.9082202],[94.6663427,35.9083215],[94.66606,35.9084473],[94.6657791,35.9086251],[94.6655319,35.908808],[94.6653472,35.9090039],[94.6650163,35.9093987],[94.6642372,35.9103343],[94.663692,35.9109656],[94.6634326,35.9112201],[94.6631549,35.9114154],[94.6628528,35.9115809],[94.6624592,35.9117416],[94.6621209,35.9118176],[94.6613485,35.9119121],[94.6601122,35.9120564],[94.6596855,35.9120134],[94.659417,35.9119072],[94.6591515,35.9117169],[94.6589379,35.9114598],[94.6588031,35.9111567],[94.6586715,35.9102687],[94.6580734,35.906384],[94.6580341,35.9061167],[94.6578374,35.9047539],[94.6577855,35.9045057],[94.6577141,35.9043274],[94.6576158,35.9041748],[94.6574691,35.9040088],[94.6572813,35.9038567],[94.6570203,35.9037326],[94.6557536,35.9032754],[94.6540492,35.9027207],[94.6531429,35.9024131],[94.6523916,35.9021965],[94.6516606,35.9020478],[94.65105,35.9019727],[94.6504782,35.9019383],[94.6473608,35.9017586],[94.6412907,35.9013913],[94.6389983,35.9014918],[94.6340018,35.9018407],[94.6300894,35.9021222],[94.6296916,35.9021883],[94.6291471,35.9023353],[94.6276216,35.9027932],[94.6267423,35.9030174],[94.6253345,35.9033053],[94.6246051,35.9034507],[94.6221404,35.9039381],[94.6217873,35.9040126],[94.6215491,35.904116],[94.6213022,35.9042905],[94.6210352,35.9045725],[94.6209514,35.904661],[94.6206596,35.904862],[94.6204417,35.9049512],[94.6202065,35.9049984],[94.6198537,35.9049974],[94.6192873,35.9049579],[94.6175598,35.9048278],[94.615633,35.90465],[94.612983,35.904433],[94.6126273,35.904376],[94.6122885,35.9042903],[94.6117442,35.9040309],[94.6114076,35.9038789],[94.6112695,35.9038177],[94.611099,35.9037583],[94.610853,35.9037058],[94.6106416,35.9036901],[94.6104716,35.9037044],[94.6101302,35.90376],[94.6093082,35.9039313],[94.6090492,35.9039365],[94.6087822,35.9039129],[94.608509,35.9038457],[94.6070661,35.9034009],[94.6055369,35.9029065],[94.6051219,35.9027928],[94.6048442,35.9027607],[94.6046201,35.9027629],[94.6043316,35.9027879],[94.603999,35.9028966],[94.6032362,35.9031487],[94.6027937,35.9032624],[94.6024553,35.9032868],[94.6020644,35.9032476],[94.6014694,35.9030919],[94.600676,35.9028546],[94.6001632,35.9026275],[94.5995013,35.9022565],[94.5966025,35.9004212],[94.5956997,35.8998438],[94.5948128,35.8992242],[94.5935588,35.8981571],[94.5909769,35.8959332],[94.5876301,35.8930703],[94.5872706,35.8927862],[94.5870142,35.8926292],[94.5867159,35.8924806],[94.5859931,35.892173],[94.5857472,35.8920244],[94.585553,35.8918513],[94.5853283,35.891589],[94.5845108,35.8906138],[94.5841075,35.8900291],[94.5810131,35.8852835],[94.579312,35.8834314],[94.5753048,35.8795707],[94.5749698,35.8792115],[94.573993,35.8774789],[94.5734257,35.8767858],[94.5730846,35.876485],[94.5723754,35.8761525],[94.5707422,35.8755753],[94.570374,35.8754425],[94.5666625,35.8741493],[94.5661466,35.8740144],[94.5657258,35.8739718],[94.5652739,35.873989],[94.5647074,35.8741527],[94.563717,35.874533],[94.5626408,35.8750229],[94.5611388,35.8757834],[94.560033,35.876467],[94.5586,35.877533],[94.5578632,35.8781044],[94.5571796,35.8786975],[94.5559144,35.8799213],[94.554067,35.881717],[94.5538735,35.8818255],[94.5536249,35.8819324],[94.5532977,35.8820228],[94.5434688,35.8839243],[94.534249,35.8848105],[94.5336333,35.8848507],[94.5299332,35.8846194],[94.5295539,35.8846462],[94.5290681,35.8847464],[94.5265,35.885417],[94.5242,35.886033],[94.52215,35.887067],[94.5216652,35.8873628],[94.521108,35.8875378],[94.5206031,35.8875714],[94.5200163,35.8875264],[94.513283,35.885133],[94.51085,35.884217],[94.508533,35.883367],[94.5062,35.882517],[94.50145,35.88075],[94.4984582,35.8801783],[94.4973753,35.8801322],[94.4960555,35.8801653],[94.4949682,35.8803656],[94.4884036,35.8819278],[94.487274,35.8820691],[94.4859172,35.8821148],[94.483036,35.8820469],[94.4803096,35.8819998],[94.479652,35.8820278],[94.4789248,35.882089],[94.4783509,35.8821642],[94.4778448,35.8822547],[94.4753777,35.8828101],[94.4730387,35.8833302],[94.4724475,35.8834543],[94.4721123,35.8834859],[94.4717075,35.8834858],[94.4713342,35.8834438],[94.4710062,35.8833739],[94.4704646,35.883241],[94.4701561,35.8832026],[94.469854,35.8831921],[94.4695335,35.8832117],[94.4667583,35.8834229],[94.4643824,35.8836504],[94.4639315,35.883766],[94.4622103,35.8846018],[94.4608018,35.8852814],[94.4595138,35.8858576],[94.4588825,35.8861825],[94.4584953,35.8864218],[94.4575149,35.8872486],[94.4554434,35.8890138],[94.452783,35.8912],[94.450317,35.89195],[94.440745,35.8937223],[94.4392845,35.8937846],[94.4357618,35.8934285],[94.4325138,35.8931753],[94.4316536,35.8930944],[94.4301129,35.8929455],[94.4284826,35.8928093],[94.4274259,35.8927267],[94.4267939,35.8926941],[94.4258219,35.8926746],[94.4249425,35.8926772],[94.423767,35.8927],[94.4209257,35.8928308],[94.4178449,35.8929547],[94.4116913,35.893258],[94.4073733,35.8933931],[94.4066401,35.8933959],[94.404617,35.893333],[94.401817,35.893033],[94.399083,35.89255],[94.3966,35.891683],[94.3953359,35.890908],[94.3944693,35.8905196],[94.3940029,35.8903104],[94.3934852,35.8900779],[94.3930078,35.8898671],[94.3925947,35.8896824],[94.3923613,35.8895499],[94.3921736,35.889413],[94.3919682,35.8892222],[94.3918383,35.8890762],[94.3917122,35.8889219],[94.3915138,35.8886459],[94.3912348,35.8882721],[94.3906876,35.8874833],[94.3904945,35.8871878],[94.3903738,35.8870313],[94.3902773,35.8869292],[94.3900466,35.8867141],[94.389832,35.8865446],[94.3896443,35.8864055],[94.3894753,35.8863055],[94.389325,35.8862209],[94.3891092,35.8861235],[94.3888807,35.8860395],[94.3886921,35.8859839],[94.3885398,35.8859542],[94.388217,35.885983],[94.3862309,35.8860543],[94.38535,35.8861],[94.3766523,35.8862828],[94.3751,35.8864],[94.37225,35.886683],[94.3707541,35.8868578],[94.3693167,35.8867247],[94.3682295,35.8863425],[94.3677105,35.8860853],[94.3669923,35.885671],[94.3665069,35.8853909],[94.3662206,35.8851879],[94.3656339,35.8844217],[94.3650683,35.8835812],[94.3647311,35.8832293],[94.3643927,35.8830639],[94.363167,35.88285],[94.3606,35.882417],[94.358383,35.8813],[94.3568024,35.8800896],[94.356102,35.8788686],[94.3548922,35.8744433],[94.3546006,35.8733765],[94.3543894,35.8729104],[94.3533562,35.8710747],[94.3529982,35.8704304],[94.3528761,35.8701386],[94.3527785,35.8698122],[94.3526911,35.8693802],[94.3525649,35.8685215],[94.3524203,35.8673739],[94.3521453,35.8653291],[94.3518346,35.8629486],[94.3516008,35.8611303],[94.3512072,35.8579724],[94.3511035,35.8566777],[94.3510764,35.8556566],[94.3510437,35.8517789],[94.3510316,35.8478676],[94.351,35.84015],[94.351333,35.832917],[94.3513489,35.8320165],[94.35124,35.830546],[94.3510409,35.8284054],[94.3510366,35.8283538],[94.350683,35.824133],[94.3502308,35.822546],[94.3489805,35.8206182],[94.3475113,35.8183528],[94.3468505,35.8173677],[94.3466321,35.8169801],[94.3465258,35.8167431],[94.3463906,35.816381],[94.3463113,35.8160773],[94.3460446,35.8139911],[94.3459232,35.8130055],[94.3457913,35.8119446],[94.3456974,35.8113117],[94.3456211,35.8106696],[94.3455366,35.8103234],[94.3453562,35.8098929],[94.345183,35.809583],[94.343567,35.807733],[94.342717,35.805583],[94.3421,35.80335],[94.3420948,35.801277],[94.3419478,35.7999032],[94.341641,35.7987278],[94.3409724,35.7967575],[94.339833,35.7934],[94.3394862,35.7910365],[94.3387889,35.7776449],[94.338601,35.7739768],[94.3384956,35.7718869],[94.3385023,35.771378],[94.3386957,35.7689746],[94.3387108,35.768717],[94.3387133,35.7685384],[94.3386765,35.7669073],[94.3386055,35.765026],[94.3385525,35.7646691],[94.3384173,35.7642649],[94.3382318,35.7638832],[94.3373381,35.7626111],[94.3369976,35.7621079],[94.3368336,35.7617385],[94.3367624,35.76139],[94.336783,35.760283],[94.3367775,35.7595131],[94.3367608,35.7590838],[94.3366753,35.7587767],[94.3365005,35.7584348],[94.3364863,35.7584138],[94.3357915,35.7573893],[94.3352245,35.7566534],[94.334978,35.7564158],[94.3347148,35.7562109],[94.3343976,35.7560306],[94.3335567,35.7557007],[94.3311357,35.7548106],[94.3306109,35.754605],[94.330266,35.7544268],[94.3300051,35.754246],[94.3297534,35.7540306],[94.3295703,35.7538473],[94.3290853,35.7532302],[94.3278164,35.7515847],[94.3276434,35.7514097],[94.3274893,35.7513039],[94.3236058,35.7486817],[94.323117,35.748367],[94.3223111,35.7477992],[94.32153,35.7473106],[94.3211632,35.7471145],[94.3207568,35.746914],[94.3161879,35.7446673],[94.3155357,35.7443969],[94.31494,35.7441666],[94.3140085,35.7439025],[94.3131691,35.7437345],[94.3124991,35.7436229],[94.3118195,35.7435576],[94.3050812,35.7428644],[94.3019421,35.7425605],[94.2918497,35.7415507],[94.2906977,35.7414479],[94.28885,35.741283],[94.2881393,35.741205],[94.2878842,35.741177],[94.28475,35.740833],[94.2826,35.740617],[94.2818269,35.740536],[94.275117,35.739833],[94.2701646,35.7393889],[94.2686998,35.7393104],[94.2682596,35.7392868],[94.2645474,35.7390503],[94.2608163,35.7388126],[94.2549238,35.7384281],[94.2527188,35.7382842],[94.2511961,35.7381892],[94.2496461,35.7380847],[94.2487532,35.7380423],[94.2482985,35.7380123],[94.2478493,35.7379604],[94.247421,35.7378859],[94.244917,35.7374],[94.23965,35.73615],[94.233533,35.734767],[94.2311,35.734383],[94.230853,35.7343497],[94.228633,35.73405],[94.2192548,35.7329177],[94.2143395,35.7323243],[94.209583,35.73175],[94.2026,35.730817],[94.192933,35.72965],[94.1834504,35.7284018],[94.17685,35.727533],[94.1694872,35.7266162],[94.167887,35.7264111],[94.161817,35.725633],[94.1496429,35.7241048],[94.1473848,35.7238183],[94.1236999,35.7208136],[94.1207,35.720433],[94.1137031,35.7195476],[94.1064244,35.7186266],[94.100817,35.717917],[94.0984406,35.717602],[94.09575,35.7172672],[94.0929084,35.7169136],[94.0906943,35.716621],[94.087887,35.7162616],[94.0829688,35.7156388],[94.0778315,35.7149678],[94.0726172,35.7143145],[94.0720091,35.7142379],[94.0716306,35.7141684],[94.0713978,35.7141169],[94.0709407,35.7140055],[94.0697357,35.7136188],[94.0673113,35.71286],[94.0637177,35.7116998],[94.0615177,35.7110345],[94.0605856,35.7107202],[94.0599795,35.7103032],[94.058883,35.70905],[94.0565,35.705367],[94.0562321,35.7045164],[94.0560657,35.7035422],[94.0559791,35.7026924],[94.05565,35.69715],[94.0552244,35.6955836],[94.0549825,35.6952631],[94.0547566,35.6951062],[94.0539163,35.6946518],[94.0536477,35.6944615],[94.053483,35.694233],[94.0533426,35.6939661],[94.0532194,35.693702],[94.0530639,35.6934067],[94.052567,35.692667],[94.051963,35.6918892],[94.0518943,35.6917416],[94.0518539,35.6915431],[94.0518721,35.6913757],[94.0519186,35.6912002],[94.0519949,35.6910262],[94.0523549,35.690521],[94.0525225,35.6903012],[94.0526114,35.6901059],[94.0526299,35.6899605],[94.0526134,35.6897286],[94.0525335,35.6893967],[94.0524074,35.6890953],[94.0521084,35.6888099],[94.0515885,35.6883291],[94.0513564,35.6880403],[94.0512979,35.6877933],[94.051249,35.6874242],[94.0511954,35.6872084],[94.0510882,35.6869908],[94.0508458,35.6866804],[94.050592,35.6864748],[94.0500745,35.6858627],[94.0495548,35.6853838],[94.0491633,35.684899],[94.0487859,35.6844169],[94.0486528,35.6842285],[94.048512,35.6839822],[94.0484526,35.6837995],[94.0484246,35.6836443],[94.0484386,35.6834077],[94.0485271,35.6831692],[94.0487136,35.6828418],[94.0489694,35.6823788],[94.0491413,35.6820404],[94.0492309,35.6817344],[94.0494007,35.6808541],[94.0494872,35.6803659],[94.0495898,35.6798813],[94.0496445,35.6796348],[94.0496363,35.67945],[94.0495619,35.679215],[94.0494258,35.6789405],[94.0490924,35.6782734],[94.0489796,35.6780508],[94.0488426,35.6777541],[94.0487867,35.677544],[94.048767,35.677317],[94.0487939,35.6770332],[94.048935,35.6767238],[94.0498775,35.6752117],[94.050033,35.6749677],[94.0501859,35.6746866],[94.0502678,35.6743764],[94.0503133,35.6731483],[94.0502664,35.672804],[94.0502107,35.6724369],[94.0493155,35.6705516],[94.0492111,35.6702957],[94.0491615,35.6700256],[94.049152,35.6697945],[94.0492051,35.6695677],[94.0492907,35.6693567],[94.0494543,35.6691265],[94.0499123,35.6685885],[94.0615835,35.654899],[94.0628265,35.6534448],[94.0632767,35.6528239],[94.0635666,35.6521663],[94.0636908,35.6516372],[94.0637521,35.6509468],[94.063758,35.6498688],[94.0637172,35.6476943],[94.0637917,35.6472755],[94.0639946,35.646791],[94.0642648,35.6463737],[94.0649134,35.6455371],[94.0659061,35.6442201],[94.0664051,35.6437142],[94.0668313,35.6432854],[94.0672676,35.6427969],[94.067612,35.6423897],[94.0680611,35.6417406],[94.0684379,35.6409538],[94.0685899,35.6404915],[94.0697482,35.6368952],[94.070917,35.6334],[94.0709449,35.6330639],[94.070927,35.6328239],[94.0708837,35.6325341],[94.0706764,35.6318851],[94.0705211,35.6314212],[94.070377,35.6310356],[94.0702267,35.6307293],[94.0699977,35.6303777],[94.069766,35.6301067],[94.0694839,35.629831],[94.065757,35.6266024],[94.0540984,35.6165018],[94.0514046,35.6141105],[94.0507438,35.6135067],[94.050083,35.612833],[94.0496723,35.6123793],[94.0487081,35.6112439],[94.047183,35.609483],[94.0433893,35.6050199],[94.03865,35.59945],[94.0343408,35.594429],[94.0265197,35.5852742],[94.024983,35.583467],[94.0233724,35.5815723],[94.0192044,35.576706],[94.0189898,35.5764388],[94.0176319,35.5748473],[94.0171599,35.5743746],[94.0165568,35.5739281],[94.0102864,35.5698688],[94.0099447,35.5696268],[94.0097091,35.5693767],[94.0093284,35.5688651],[94.0086755,35.5678536],[94.0083785,35.5675054],[94.0081723,35.5673137],[94.0078656,35.567083],[94.0075164,35.5668977],[94.0071852,35.566778],[94.0067821,35.5666671],[94.0064118,35.5666176],[94.005961,35.5666139],[94.0036695,35.566844],[94.003095,35.5668546],[94.0026659,35.566811],[94.0008062,35.5665762],[93.9993292,35.5664488],[93.998766,35.5664314],[93.9976684,35.5664203],[93.992672,35.5667717],[93.9914526,35.5669183],[93.9864003,35.5680294],[93.9856178,35.5680983],[93.9848671,35.5680548],[93.9792448,35.5671077],[93.9787299,35.5669899],[93.9783257,35.5668449],[93.9759364,35.5656474],[93.9756078,35.5654539],[93.9753932,35.5652794],[93.9751357,35.5650263],[93.9745244,35.5641024],[93.9736176,35.562408],[93.9729256,35.5606524],[93.9725736,35.5597921],[93.9718044,35.5584411],[93.9711867,35.5574461],[93.96765,35.553717],[93.9667404,35.5527895],[93.9659275,35.55205],[93.9651524,35.5514326],[93.9645142,35.551],[93.9638653,35.5505909],[93.9629882,35.550112],[93.9613663,35.5493387],[93.9563162,35.5470397],[93.9547764,35.5463323],[93.954353,35.5460965],[93.9539708,35.5458131],[93.9523036,35.5439675],[93.9518112,35.5434884],[93.9512278,35.5430043],[93.9501324,35.5422475],[93.9479162,35.5407794],[93.9453073,35.5390475],[93.9368655,35.5333793],[93.9342954,35.53171],[93.929407,35.5284712],[93.919817,35.522117],[93.9177161,35.5207158],[93.9174711,35.5205524],[93.9164719,35.5198859],[93.915817,35.519533],[93.9155806,35.5194466],[93.9150291,35.5193093],[93.9143897,35.5192805],[93.9139573,35.5193346],[93.9133801,35.5194068],[93.9131152,35.5194436],[93.9108357,35.5197544],[93.9092231,35.5199837],[93.9089974,35.5200151],[93.9084777,35.5200933],[93.9076474,35.5202024],[93.9063367,35.5203868],[93.897833,35.521583],[93.885333,35.5233],[93.8843165,35.5234581],[93.8833062,35.5236438],[93.882189,35.5238853],[93.88135,35.5241197],[93.8808552,35.5242637],[93.879145,35.5248185],[93.8781105,35.5251611],[93.8776512,35.5252948],[93.8772884,35.5253567],[93.8769762,35.5253862],[93.8766489,35.5253986],[93.8763039,35.5253862],[93.8760224,35.5253613],[93.8757966,35.5253325],[93.8755353,35.5252788],[93.8752664,35.5252025],[93.8748859,35.5250745],[93.8743627,35.5248669],[93.8662326,35.5216872],[93.8643603,35.5207431],[93.8631346,35.5198935],[93.862028,35.5191398],[93.8572932,35.515915],[93.856667,35.515567],[93.8561687,35.5153532],[93.8555778,35.5151257],[93.8548139,35.5149199],[93.8541095,35.5147733],[93.8529903,35.5146523],[93.8405896,35.5134004],[93.8400089,35.5133983],[93.8394009,35.5134442],[93.8388457,35.5135224],[93.8371736,35.5138051],[93.8368735,35.5138526],[93.8345817,35.514246],[93.8339061,35.5144246],[93.8327653,35.5147827],[93.8274291,35.5164736],[93.8219968,35.5181831],[93.81065,35.52175],[93.794983,35.525933],[93.7931963,35.5263936],[93.7921428,35.5265648],[93.7914875,35.5265994],[93.7907608,35.5265669],[93.7899665,35.5264717],[93.7882961,35.5262116],[93.7872606,35.5260244],[93.7866663,35.5259047],[93.7861214,35.5257588],[93.7855795,35.5256041],[93.7840451,35.5251449],[93.7815738,35.5244054],[93.7812172,35.5243086],[93.7748507,35.5224368],[93.7723847,35.5217555],[93.7710982,35.5214701],[93.761617,35.519467],[93.7605523,35.5192116],[93.7597691,35.5189846],[93.7589543,35.5187],[93.7545489,35.51682],[93.7534402,35.5163893],[93.7526237,35.5161203],[93.7519048,35.5159413],[93.7510797,35.5157898],[93.7496974,35.5156013],[93.735157,35.5138104],[93.7348379,35.5137711],[93.7336096,35.5135694],[93.7325151,35.513352],[93.7314111,35.5130699],[93.7259384,35.5115398],[93.719192,35.5096214],[93.7185355,35.5093696],[93.7162038,35.5081361],[93.7156441,35.5078281],[93.7151344,35.5076098],[93.71415,35.507333],[93.7071225,35.5054848],[93.7041827,35.5046527],[93.7004507,35.5035964],[93.70005,35.503483],[93.6994972,35.5033563],[93.6972742,35.5030393],[93.6852782,35.5013938],[93.68455,35.501283],[93.6840745,35.5011902],[93.6836721,35.5010942],[93.6831357,35.5009064],[93.6825885,35.5006793],[93.6817613,35.5002035],[93.6736342,35.4957386],[93.672958,35.4953519],[93.670183,35.4937651],[93.6689817,35.4930057],[93.6678634,35.4922282],[93.651833,35.479967],[93.640633,35.4713675],[93.63505,35.4671],[93.630417,35.4636],[93.6284,35.462],[93.626533,35.460233],[93.624883,35.458267],[93.621433,35.45385],[93.6147142,35.4443388],[93.6139253,35.4432931],[93.6131958,35.4424716],[93.6120773,35.4414385],[93.6108227,35.4403769],[93.6064709,35.4368122],[93.6060724,35.4365083],[93.605142,35.435715],[93.603581,35.4344361],[93.6010088,35.4323099],[93.5958367,35.4275347],[93.5944102,35.4261347],[93.5939535,35.4257305],[93.593609,35.4254609],[93.5931852,35.4252091],[93.5921453,35.4246628],[93.5909378,35.4239914],[93.5896319,35.4231542],[93.587467,35.421733],[93.577233,35.415133],[93.57185,35.4116],[93.5712755,35.4112763],[93.5706603,35.4109398],[93.5699275,35.4105699],[93.5691623,35.4102215],[93.5683198,35.4098924],[93.5666627,35.4092936],[93.5612715,35.4074099],[93.5557895,35.405489],[93.5438,35.401267],[93.5165,35.391633],[93.5140225,35.390483],[93.47935,35.373717],[93.4790169,35.3735605],[93.4786575,35.3734315],[93.4782283,35.3733156],[93.4652,35.3707],[93.4641306,35.3704767],[93.4633635,35.3702799],[93.4623732,35.370013],[93.4480494,35.3661198],[93.4469026,35.3658675],[93.4353546,35.3644312],[93.4324297,35.3639956],[93.4288393,35.3633483],[93.4142402,35.3607696],[93.4108147,35.3601616],[93.385567,35.3557],[93.3844878,35.3554343],[93.3835422,35.3551356],[93.3676231,35.3494855],[93.3589635,35.3464003],[93.3561006,35.3453885],[93.3548949,35.34492],[93.3543107,35.3446656],[93.3524776,35.3435382],[93.3504655,35.3422517],[93.345217,35.338983],[93.334117,35.332083],[93.3223954,35.3247571],[93.3219159,35.3244308],[93.321365,35.3239792],[93.3132108,35.3170599],[93.3123178,35.3164981],[93.3113099,35.3159803],[93.3035763,35.3131204],[93.3028467,35.3128227],[93.302359,35.3124567],[93.3019455,35.3120173],[93.3016504,35.3115489],[93.3014822,35.3110889],[93.3014417,35.31066],[93.3014775,35.310256],[93.3016346,35.3095676],[93.3021183,35.3075611],[93.3026352,35.3054332],[93.302747,35.3049668],[93.3027809,35.3047601],[93.3027739,35.3045344],[93.3027344,35.3042856],[93.3026537,35.3040514],[93.302564,35.3038274],[93.3024572,35.3036291],[93.3023038,35.3034128],[93.3021399,35.3032328],[93.3019443,35.3030529],[93.3017733,35.3029223],[93.3015093,35.3027734],[93.3011865,35.3026253],[93.2992812,35.3018856],[93.2912077,35.2987763],[93.2818291,35.2963962],[93.2801661,35.2960177],[93.2731734,35.2948383],[93.2719611,35.2945844],[93.2711371,35.2943244],[93.2702161,35.2939821],[93.2594003,35.2885726],[93.2584197,35.2880961],[93.2575522,35.2877713],[93.2566108,35.2875086],[93.2555571,35.2872881],[93.2381,35.28445],[93.2365052,35.2841889],[93.2354589,35.2840166],[93.234614,35.2838807],[93.2337155,35.2836922],[93.2328169,35.2834691],[93.2319838,35.283219],[93.2311378,35.2829129],[93.2301584,35.2825039],[93.221244,35.2786],[93.2188225,35.2775287],[93.21655,35.27655],[93.2037366,35.2709214],[93.2014714,35.2700167],[93.1967211,35.2682798],[93.1922006,35.2666261],[93.1910303,35.2662244],[93.1900226,35.2659463],[93.1891718,35.2657408],[93.1881778,35.2655306],[93.1873055,35.2653879],[93.1863076,35.2652583],[93.1814541,35.2648594],[93.1742626,35.2642478],[93.1672482,35.2636594],[93.1656814,35.2635367],[93.1642892,35.2633766],[93.1618536,35.263067],[93.159233,35.262717],[93.1457119,35.2608502],[93.1422336,35.2603759],[93.138833,35.2598967],[93.13095,35.258833],[93.1238047,35.2578415],[93.1232477,35.2577639],[93.1224895,35.2576293],[93.1217867,35.25748],[93.1211233,35.2573101],[93.1203372,35.2570701],[93.1179707,35.2563047],[93.1146184,35.2552546],[93.1123127,35.2545313],[93.1114527,35.2542409],[93.1108388,35.2539925],[93.109989,35.253565],[93.1092906,35.2531651],[93.1050998,35.2501659],[93.0935126,35.2418602],[93.0930639,35.2415609],[93.0926962,35.2413393],[93.0922297,35.2410887],[93.0917276,35.240834],[93.0911384,35.2405812],[93.0905511,35.2403763],[93.0898898,35.2401618],[93.0890373,35.2399331],[93.0882453,35.2397317],[93.0876681,35.2395976],[93.0872877,35.2394568],[93.086942,35.2392783],[93.0866031,35.2390468],[93.0863115,35.2387506],[93.0860985,35.2384317],[93.085954,35.2381003],[93.0858906,35.2377772],[93.0858563,35.2374563],[93.0858739,35.2372076],[93.0859738,35.2368248],[93.0862532,35.23605],[93.0863572,35.2357083],[93.0864079,35.2353893],[93.0863927,35.2350662],[93.0863178,35.2345664],[93.0861061,35.2332354],[93.0858975,35.2319524],[93.0857943,35.2313879],[93.085703,35.2311042],[93.0855711,35.2308018],[93.0853511,35.2304019],[93.0842585,35.2283917],[93.0832428,35.2265387],[93.0827255,35.2255826],[93.0825659,35.2252809],[93.0824368,35.2249806],[93.0823475,35.2246478],[93.08226,35.224288],[93.0821918,35.2238457],[93.0821127,35.2229127],[93.0820586,35.2222252],[93.0819746,35.2216801],[93.0818608,35.2212557],[93.0817214,35.2209077],[93.0812277,35.2198969],[93.0800457,35.2175001],[93.079188,35.2157123],[93.0790583,35.2154703],[93.078858,35.215172],[93.0786273,35.2148986],[93.078267,35.2145291],[93.077047,35.2132562],[93.0746207,35.2107247],[93.0721887,35.2081871],[93.0606808,35.1961419],[93.04546,35.1802077],[93.0452395,35.1799769],[93.0434872,35.1781423],[93.036655,35.1710005],[93.0362749,35.1705291],[93.0358889,35.1699803],[93.0356451,35.1694174],[93.0355533,35.1689444],[93.035473,35.1683944],[93.0355052,35.1677788],[93.0355662,35.1673567],[93.0357347,35.1668203],[93.0359981,35.1662323],[93.038612,35.1612814],[93.0388357,35.1607715],[93.0389285,35.1604989],[93.0389906,35.1602365],[93.0390214,35.1599781],[93.039043,35.1596859],[93.0390531,35.1594675],[93.0390344,35.1591996],[93.0389907,35.1588807],[93.038722,35.1578362],[93.0384966,35.1569455],[93.0384298,35.1565318],[93.0384281,35.1561473],[93.0384611,35.1558032],[93.0385729,35.1552331],[93.0387558,35.1544973],[93.0395501,35.1515532],[93.040367,35.148683],[93.0408374,35.1467929],[93.0409475,35.1463353],[93.0409881,35.146014],[93.0410058,35.1456594],[93.0410007,35.1454023],[93.0409499,35.1450168],[93.0408558,35.1446111],[93.0392009,35.1386653],[93.0383832,35.1358105],[93.0381307,35.1348518],[93.0380678,35.1345495],[93.0380398,35.1342368],[93.0380384,35.1338779],[93.038084,35.1335212],[93.0382474,35.1326465],[93.040117,35.123317],[93.0402428,35.1227009],[93.0402756,35.1221498],[93.0402607,35.1214016],[93.0401818,35.120988],[93.0400256,35.1204027],[93.0397946,35.1198001],[93.03954,35.1193337],[93.0391273,35.118757],[93.0382852,35.1176892],[93.0370783,35.116168],[93.036517,35.1154519],[93.0362152,35.1149437],[93.0359613,35.1142384],[93.0358476,35.1137718],[93.0358095,35.113303],[93.0358171,35.1128924],[93.035917,35.112283],[93.037133,35.106283],[93.0371923,35.1059554],[93.0372557,35.1055675],[93.0372557,35.1052107],[93.0372303,35.1047896],[93.0371569,35.1043724],[93.0363595,35.1013199],[93.0360182,35.1001151],[93.0357669,35.0995794],[93.0355239,35.0991753],[93.0352478,35.0988673],[93.0344603,35.0980259],[93.0331615,35.0966532],[93.0310877,35.0944873],[93.0273862,35.0905935],[93.0266568,35.0898439],[93.0262372,35.0893568],[93.0258677,35.0888771],[93.025585,35.0884848],[93.0255452,35.0884296],[93.024583,35.086933],[93.018333,35.076383],[93.0172,35.074333],[93.0128109,35.0650643],[93.0125433,35.0645077],[93.0123582,35.0639972],[93.0122282,35.0635549],[93.0121026,35.0629588],[93.0120017,35.0621344],[93.0119166,35.0611117],[93.0118217,35.0599406],[93.0117311,35.0587496],[93.0117622,35.0582019],[93.0118434,35.0577971],[93.0119676,35.0574007],[93.0121578,35.0569731],[93.0123513,35.0565904],[93.0128734,35.0559043],[93.0136473,35.0549164],[93.0144979,35.0538113],[93.0150666,35.0529977],[93.0156594,35.0519415],[93.0158967,35.051459],[93.0160401,35.0511295],[93.0162021,35.050688],[93.0164773,35.049841],[93.0165998,35.0494078],[93.0167142,35.0487812],[93.0167977,35.0481891],[93.0168554,35.0476528],[93.0168984,35.0470481],[93.0168707,35.046197],[93.0168077,35.0453915],[93.016617,35.044433],[93.0165462,35.0440512],[93.0164,35.0434966],[93.0159776,35.041968],[93.0156623,35.0408173],[93.0154692,35.0402456],[93.0152301,35.0396802],[93.0149949,35.0391958],[93.0147261,35.0387681],[93.0143489,35.0382429],[93.0130087,35.0364974],[93.0041217,35.0248788],[93.0025773,35.0228576],[93.0010205,35.0208267],[93.0003342,35.019934],[92.9996608,35.0192175],[92.9985025,35.0180558],[92.9946863,35.0144194],[92.9907164,35.0106158],[92.9869419,35.0069522],[92.9858838,35.0059466],[92.985379,35.0053844],[92.9850674,35.0049644],[92.9846692,35.0042154],[92.9843714,35.0036448],[92.9841631,35.0031644],[92.9838138,35.002181],[92.9836638,35.0017487],[92.9834714,35.0011472],[92.98325,35.000483],[92.9830803,35.0001642],[92.9828565,34.9998649],[92.9820179,34.9990343],[92.9817692,34.9987025],[92.9814981,34.9982512],[92.9812373,34.9976553],[92.9810974,34.9971358],[92.9809076,34.9963041],[92.9808304,34.9959015],[92.9807881,34.9954242],[92.9808032,34.9950499],[92.9808895,34.9946619],[92.9810341,34.9942381],[92.9811989,34.9938352],[92.9813778,34.9934885],[92.9821599,34.9923188],[92.9833044,34.9906103],[92.9835773,34.9901189],[92.9837891,34.989581],[92.983874,34.9892298],[92.9839297,34.9889058],[92.9839507,34.9884961],[92.9839272,34.9880437],[92.9838511,34.9876635],[92.9837117,34.9871878],[92.9834935,34.9866901],[92.9831488,34.9861616],[92.9827557,34.9857128],[92.9824978,34.9854647],[92.9821092,34.9851561],[92.9815868,34.9848154],[92.9811127,34.9845827],[92.9805587,34.9843559],[92.9792414,34.9839969],[92.9787342,34.9838369],[92.9783285,34.9836437],[92.9779363,34.9834004],[92.977223,34.9827961],[92.9762,34.9819001],[92.9725778,34.9787664],[92.9689868,34.9756423],[92.9686685,34.9752773],[92.9684086,34.9749301],[92.9681376,34.9744194],[92.9675362,34.9731917],[92.9670354,34.9721667],[92.96683,34.9716971],[92.9665486,34.971348],[92.9661954,34.9710281],[92.9655191,34.9705418],[92.9643957,34.9697666],[92.9635159,34.9691559],[92.9627199,34.9686044],[92.9624232,34.968328],[92.9621978,34.9680052],[92.9620454,34.9677192],[92.9619389,34.9673805],[92.9618983,34.9669982],[92.9619161,34.9666221],[92.9619876,34.9663352],[92.9622787,34.9656571],[92.9625817,34.9650224],[92.9627048,34.9646571],[92.9627569,34.9642264],[92.9627431,34.9639233],[92.9626409,34.963581],[92.9624956,34.9632827],[92.9623379,34.9630226],[92.9620823,34.9627546],[92.9618527,34.9625624],[92.9615607,34.9623814],[92.9541921,34.9579565],[92.9537014,34.9575982],[92.9533312,34.9572262],[92.9530599,34.9568439],[92.952819,34.9564261],[92.9526754,34.9560468],[92.9522199,34.9541523],[92.9516754,34.9518083],[92.9511058,34.949356],[92.9507796,34.9479645],[92.9505298,34.9469],[92.949917,34.944633],[92.9491649,34.9410621],[92.9453639,34.9248351],[92.9450976,34.9236983],[92.9427572,34.913705],[92.941917,34.910117],[92.9415218,34.9084293],[92.9411229,34.9066823],[92.9409105,34.9053594],[92.9408357,34.9045081],[92.9407738,34.9036945],[92.9407688,34.9018251],[92.9407529,34.9008648],[92.9406834,34.8998177],[92.940582,34.8988611],[92.9403741,34.8977297],[92.9399233,34.8960141],[92.9395418,34.8949125],[92.9391,34.8938],[92.9383272,34.8919222],[92.9376722,34.8902809],[92.9364067,34.8871779],[92.93584,34.8857747],[92.934904,34.8834121],[92.9343984,34.8821943],[92.9341614,34.881601],[92.9339739,34.881092],[92.9338825,34.8807747],[92.9338216,34.8804299],[92.9337937,34.8800575],[92.9337963,34.8797309],[92.9338495,34.8793773],[92.9339033,34.8790726],[92.9339983,34.8787697],[92.9341067,34.8784567],[92.9343338,34.877992],[92.9347547,34.8772681],[92.9352148,34.8764837],[92.936456,34.8742927],[92.937617,34.8722723],[92.9377807,34.8719122],[92.9379089,34.8716139],[92.9380337,34.8712013],[92.9382131,34.8704962],[92.9383772,34.8697877],[92.9387955,34.8680571],[92.9390073,34.8671241],[92.9391496,34.8666289],[92.9392673,34.866277],[92.9394447,34.8659288],[92.9396273,34.865623],[92.9398707,34.8652652],[92.9401471,34.8649656],[92.9404816,34.864641],[92.9408368,34.8643685],[92.9412932,34.8640876],[92.9417192,34.8638629],[92.9466778,34.8614124],[92.9473466,34.8610705],[92.9478005,34.8607667],[92.9482797,34.8603673],[92.9485,34.860133],[92.9486955,34.8599074],[92.9489161,34.8596099],[92.9491976,34.8591251],[92.9493788,34.8587395],[92.9494866,34.8583667],[92.9495653,34.8580473],[92.9496134,34.857704],[92.949621,34.8573586],[92.9494917,34.8554777],[92.949353,34.8537305],[92.9493049,34.8530469],[92.9492054,34.8518006],[92.9490249,34.8495069],[92.9488958,34.8473045],[92.9488265,34.8464215],[92.9487248,34.8460329],[92.9485227,34.8455651],[92.9483345,34.845165],[92.9480992,34.8448097],[92.9477964,34.844442],[92.9466488,34.8433009],[92.9457001,34.8422898],[92.9448486,34.8413438],[92.9421372,34.8382058],[92.9415411,34.8375066],[92.940933,34.83665],[92.9404058,34.8356774],[92.939733,34.834133],[92.9391265,34.8326165],[92.9382265,34.830182],[92.9378417,34.8293587],[92.937362,34.8285304],[92.9353231,34.8255585],[92.9352265,34.8254132],[92.9325393,34.8215953],[92.9316199,34.8201916],[92.9284296,34.8147066],[92.9280972,34.8142184],[92.9276788,34.8137868],[92.9272013,34.8133552],[92.9266035,34.812981],[92.9217189,34.8104791],[92.92025,34.809623],[92.9189729,34.8087431],[92.9157206,34.8061194],[92.914663,34.8051708],[92.9078228,34.7972063],[92.9074174,34.7964983],[92.9071277,34.7957186],[92.9069397,34.7948278],[92.9063485,34.7895573],[92.9063123,34.7886655],[92.9063786,34.7876387],[92.9070368,34.7842115],[92.9072108,34.7833759],[92.9072996,34.7829158],[92.9073224,34.7826253],[92.9073181,34.7823331],[92.9072953,34.7820603],[92.9072328,34.7816883],[92.9071516,34.7813197],[92.9070324,34.7809844],[92.9068442,34.7806108],[92.9060577,34.7789318],[92.9055156,34.7778483],[92.9048968,34.7768313],[92.9047433,34.7765957],[92.9043307,34.7759738],[92.9036721,34.7751285],[92.9008629,34.7718679],[92.9004298,34.7713482],[92.9003146,34.7711572],[92.9002132,34.770876],[92.900165,34.7706177],[92.900165,34.7703511],[92.9002031,34.7701303],[92.9002842,34.7698887],[92.9006612,34.7690774],[92.9008142,34.7687306],[92.9008725,34.768464],[92.9008928,34.768237],[92.9008598,34.7679683],[92.9008015,34.7677371],[92.9006493,34.7674309],[92.9004437,34.767156],[92.8989885,34.7653633],[92.8988162,34.7651036],[92.8978232,34.76241],[92.8976862,34.7619559],[92.8976497,34.7617779],[92.8976471,34.7616113],[92.8976547,34.7613655],[92.8976978,34.7611343],[92.8977673,34.7608851],[92.8995813,34.7557018],[92.8997497,34.7551153],[92.8998325,34.7545479],[92.8998612,34.7539808],[92.8998736,34.7528268],[92.8998721,34.751986],[92.8998513,34.7514443],[92.8997996,34.750962],[92.8997114,34.7504448],[92.8987127,34.7456191],[92.8980454,34.743278],[92.8977404,34.7423691],[92.8973554,34.7412797],[92.8967095,34.7393454],[92.8964891,34.7385187],[92.8962228,34.7369542],[92.896063,34.7359896],[92.8959833,34.7355288],[92.8958394,34.7347149],[92.8956924,34.7338292],[92.8955007,34.7325855],[92.895456,34.7321615],[92.8954129,34.731553],[92.8953819,34.7305226],[92.8953596,34.7300005],[92.8953064,34.7296671],[92.8951923,34.7293336],[92.8950173,34.7290085],[92.8944486,34.7281778],[92.8940771,34.7277102],[92.8935884,34.7272565],[92.8930593,34.726932],[92.890792,34.7257962],[92.8904784,34.7255834],[92.8901846,34.7253136],[92.889958,34.7250287],[92.8892906,34.7241337],[92.8890119,34.7238401],[92.8886924,34.7235921],[92.8883031,34.7233381],[92.8873717,34.7228214],[92.8858692,34.7219804],[92.8849619,34.7214683],[92.8844274,34.721089],[92.8839812,34.7207451],[92.8834867,34.7203429],[92.8833067,34.7201365],[92.8831799,34.7198969],[92.883105,34.7196536],[92.883081,34.7194446],[92.8830937,34.7192362],[92.8831444,34.7190424],[92.8832154,34.7188902],[92.8833396,34.7187089],[92.8835374,34.718488],[92.8837937,34.718244],[92.8843743,34.7177198],[92.8845361,34.7175627],[92.8846827,34.717369],[92.8848531,34.7171125],[92.8850191,34.7167937],[92.8861565,34.7146071],[92.8867518,34.7134458],[92.8872683,34.712388],[92.8873459,34.7122348],[92.8876685,34.7115553],[92.8882035,34.7104215],[92.8885457,34.7097112],[92.8887407,34.7093651],[92.8889558,34.7090865],[92.8893129,34.708704],[92.8897529,34.7083715],[92.8902472,34.7081009],[92.8917008,34.7073574],[92.8923116,34.7070948],[92.8925773,34.7070116],[92.8928917,34.7069553],[92.8931272,34.7069402],[92.8934021,34.7069548],[92.8938056,34.7070034],[92.894454,34.707148],[92.8948154,34.7072089],[92.8951273,34.7072255],[92.8953656,34.7072172],[92.8957003,34.7071713],[92.8961593,34.707065],[92.8977711,34.7066219],[92.8983148,34.7064982],[92.8987684,34.7063813],[92.8992696,34.7061643],[92.8996661,34.7059165],[92.9004034,34.7053093],[92.90115,34.70465],[92.9036179,34.702474],[92.9038587,34.7022546],[92.90404,34.7020638],[92.9041972,34.7018158],[92.9042815,34.7015982],[92.9043392,34.701263],[92.9044524,34.7002146],[92.9045334,34.6997455],[92.904657,34.6991795],[92.9047762,34.6987354],[92.9052775,34.6972611],[92.9053687,34.6968796],[92.905567,34.6959],[92.9056452,34.6956982],[92.90576,34.6955479],[92.9059679,34.6953606],[92.9062064,34.6952029],[92.9066528,34.6949008],[92.9068661,34.694749],[92.9070233,34.6945978],[92.9071333,34.6944335],[92.9072231,34.6942702],[92.9072803,34.6940561],[92.9072914,34.6938393],[92.9070476,34.6924565],[92.9070251,34.6920285],[92.9070829,34.6915911],[92.9071722,34.6913036],[92.9089697,34.686767],[92.9092898,34.6859287],[92.9094252,34.6856999],[92.9095899,34.6854978],[92.9099058,34.6852753],[92.9104009,34.6850837],[92.9117122,34.6848342],[92.9123146,34.6846759],[92.9127132,34.6845346],[92.9131846,34.6843051],[92.9134575,34.6841327],[92.9138574,34.6837915],[92.9141164,34.6834909],[92.9142754,34.6832521],[92.9143903,34.6830353],[92.9144716,34.6828159],[92.9147532,34.6816155],[92.914891,34.6812201],[92.9151686,34.6808798],[92.9187294,34.6776611],[92.9189688,34.6772788],[92.9191416,34.6768135],[92.9192067,34.6764246],[92.91945,34.674816],[92.9197552,34.674175],[92.9214705,34.6712385],[92.9217,34.6707516],[92.9218299,34.6702401],[92.9218938,34.6694387],[92.9218949,34.6686264],[92.9217905,34.6680726],[92.921612,34.6674597],[92.9212946,34.6666114],[92.9208667,34.665979],[92.9202146,34.6652451],[92.9173424,34.6630647],[92.9160636,34.6621375],[92.9143113,34.6610572],[92.9021785,34.6540287],[92.9007531,34.6528545],[92.8997109,34.6515969],[92.8984034,34.6499682],[92.8961912,34.6472726],[92.8938729,34.6444035],[92.8934408,34.6439095],[92.89299,34.6435186],[92.8926734,34.6432605],[92.8922789,34.6429743],[92.8917307,34.6426446],[92.8911566,34.6423607],[92.890529,34.6420952],[92.8894172,34.6416922],[92.8875744,34.6410332],[92.8860791,34.6404963],[92.8850502,34.6401512],[92.8840272,34.6398862],[92.8802498,34.6390518],[92.8783084,34.6386281],[92.8770865,34.6383037],[92.8744144,34.6374536],[92.8571625,34.6320054],[92.8539725,34.6309951],[92.8532312,34.6307764],[92.8522229,34.6305382],[92.8513988,34.6303776],[92.8504573,34.6302407],[92.8462519,34.6298384],[92.8444535,34.6296795],[92.8430721,34.6295264],[92.8420315,34.6293793],[92.8408437,34.6291602],[92.8378025,34.6285985],[92.8338277,34.6278544],[92.8323916,34.627589],[92.829833,34.6271163],[92.827063,34.6265971],[92.8242626,34.6260669],[92.822433,34.6257354],[92.8214466,34.6255518],[92.8206681,34.6253686],[92.8180822,34.6246394],[92.81555,34.6238865],[92.8129975,34.6231514],[92.8117874,34.6227921],[92.8109889,34.6225263],[92.8091738,34.6217501],[92.8058613,34.6203497],[92.8028199,34.6190512],[92.8003679,34.6179935],[92.7984194,34.6171882],[92.79824,34.6171081],[92.7947619,34.6156256],[92.7937104,34.6152167],[92.7930938,34.6150781],[92.7924555,34.6149955],[92.7911161,34.6148805],[92.7897087,34.6147904],[92.7883188,34.6146862],[92.7877688,34.6146148],[92.7872718,34.6145001],[92.7867571,34.6143289],[92.7862652,34.6141119],[92.7858047,34.6138376],[92.7718488,34.6043367],[92.7709543,34.6037472],[92.7704757,34.6034895],[92.7699675,34.6032754],[92.7695323,34.6031117],[92.7689086,34.6029155],[92.7683254,34.6027214],[92.7677569,34.6025587],[92.7670524,34.6023338],[92.7649479,34.6016778],[92.7641264,34.6014274],[92.7635153,34.6011999],[92.7629355,34.6009671],[92.7621511,34.60058],[92.7603746,34.5995686],[92.7553869,34.5967225],[92.7501088,34.5936885],[92.7464137,34.5915686],[92.7461126,34.591396],[92.7453929,34.5909832],[92.7450569,34.5907198],[92.7447424,34.5904192],[92.7445439,34.5901698],[92.7444306,34.5899599],[92.7443241,34.589676],[92.7442658,34.5894297],[92.7442607,34.5891584],[92.7442934,34.5888712],[92.744362,34.5885917],[92.744938,34.5862456],[92.7451435,34.5853668],[92.7452043,34.5850057],[92.7452198,34.584663],[92.7451877,34.5843582],[92.7450978,34.5840517],[92.7449584,34.5837218],[92.7448037,34.5834129],[92.7445882,34.5830935],[92.7439134,34.58209],[92.7429147,34.5806551],[92.7419209,34.5791871],[92.7408582,34.5776021],[92.7381078,34.572615],[92.7376665,34.5716258],[92.7373701,34.5707295],[92.7369422,34.5694644],[92.7366158,34.56836],[92.7361018,34.5668031],[92.7358085,34.56591],[92.7355136,34.5651623],[92.7347169,34.5636347],[92.734231,34.56288],[92.7324865,34.560392],[92.728017,34.554017],[92.7274571,34.5532885],[92.7271731,34.5527664],[92.7270006,34.5522402],[92.7269192,34.5516916],[92.7268654,34.5494365],[92.7268436,34.5477184],[92.7268049,34.5438117],[92.7268251,34.5429047],[92.7269307,34.5422536],[92.7272002,34.5414226],[92.7275114,34.5407236],[92.7287509,34.5383577],[92.7299641,34.535971],[92.7301136,34.5355426],[92.730196,34.5352206],[92.730196,34.5348809],[92.7301745,34.5344437],[92.7299807,34.5333476],[92.7295603,34.530856],[92.7291558,34.5283897],[92.7289156,34.5269675],[92.7288815,34.5265474],[92.7288877,34.5261901],[92.7289257,34.5258642],[92.7290961,34.5254651],[92.7296262,34.5245467],[92.7297544,34.5242452],[92.7298617,34.5239266],[92.7298999,34.523574],[92.7298698,34.5232605],[92.7297761,34.5229114],[92.7296447,34.5225791],[92.729303,34.5219171],[92.7289906,34.5213055],[92.7277268,34.5187592],[92.7269534,34.5172236],[92.726812,34.5168292],[92.7267556,34.5165968],[92.7267252,34.51639],[92.7267303,34.5160808],[92.7267835,34.5156692],[92.7269598,34.5146163],[92.7272174,34.5131257],[92.7290758,34.501838],[92.7292607,34.5008124],[92.7293666,34.4998774],[92.7294624,34.4985934],[92.729477,34.4970342],[92.7292607,34.4769847],[92.7291607,34.474617],[92.7289482,34.468916],[92.7289152,34.4679824],[92.7289111,34.4678703],[92.728767,34.4639],[92.7285242,34.4581444],[92.7285245,34.4580572],[92.7279035,34.4431725],[92.72765,34.438867],[92.7272569,34.4376368],[92.7267664,34.4365923],[92.7255394,34.4341748],[92.7250944,34.4332308],[92.724817,34.432517],[92.724533,34.43165],[92.7239164,34.4282231],[92.7233398,34.4251786],[92.7227785,34.4223141],[92.722567,34.421383],[92.722033,34.419783],[92.7218727,34.41931],[92.7215722,34.4186346],[92.7212074,34.4180307],[92.7207366,34.4173933],[92.7203594,34.416982],[92.7198484,34.4165028],[92.7194477,34.4161598],[92.7191417,34.4159475],[92.7185746,34.4155948],[92.7181747,34.4153847],[92.7177374,34.41517],[92.7173069,34.4149813],[92.7169106,34.4148427],[92.7165023,34.414709],[92.7145238,34.4142006],[92.7032449,34.4114151],[92.702313,34.4111586],[92.7018037,34.4109892],[92.7012551,34.4107999],[92.7007441,34.4106017],[92.7002676,34.4104064],[92.6998491,34.4102083],[92.6915789,34.4061252],[92.6891406,34.4049291],[92.6868363,34.4037888],[92.6860312,34.403358],[92.6856405,34.4031105],[92.6852728,34.4028343],[92.6849685,34.402531],[92.6847149,34.4022402],[92.6844913,34.4019252],[92.6830419,34.3996786],[92.6821548,34.3982597],[92.6794841,34.3940952],[92.6789886,34.3934108],[92.6784967,34.3929275],[92.6780069,34.3925497],[92.6774622,34.3922265],[92.67564,34.3914284],[92.6721833,34.3899269],[92.6659991,34.3872524],[92.6633704,34.3863728],[92.6616607,34.3858972],[92.6594214,34.3854252],[92.6461973,34.3834487],[92.6440692,34.3830538],[92.636215,34.3808247],[92.63535,34.380617],[92.6344573,34.3804611],[92.6336828,34.3803842],[92.6326938,34.380321],[92.6313447,34.3803664],[92.62994,34.3804011],[92.6285406,34.3803723],[92.6270156,34.3802649],[92.626034,34.3801563],[92.6247971,34.3799664],[92.6235454,34.3797094],[92.6222975,34.3794257],[92.6188586,34.3786913],[92.6155735,34.3779954],[92.614026,34.3776341],[92.6125366,34.3772767],[92.6111533,34.376845],[92.6104281,34.376593],[92.6096356,34.3762733],[92.6077178,34.3754493],[92.6070723,34.3752515],[92.6064982,34.3751456],[92.605888,34.3750731],[92.6051755,34.37505],[92.6020642,34.3751191],[92.601283,34.375083],[92.6007026,34.3749705],[92.600198,34.3747968],[92.5997847,34.3746315],[92.5993511,34.3744034],[92.5989583,34.3741263],[92.5983654,34.3735705],[92.5980211,34.3731546],[92.5977443,34.3727728],[92.5974517,34.3723063],[92.5965835,34.3706471],[92.596397,34.3701307],[92.5963091,34.3696422],[92.5963141,34.3692592],[92.5963623,34.3688888],[92.5964507,34.3685211],[92.5967148,34.3676246],[92.5969404,34.3669109],[92.5969937,34.3664651],[92.5970089,34.3659858],[92.5969459,34.3655886],[92.5967392,34.3645994],[92.5964859,34.36336],[92.5962605,34.3622747],[92.5961614,34.3618581],[92.5960169,34.3614856],[92.5957595,34.3610193],[92.5953782,34.3604321],[92.5951257,34.3599845],[92.5949102,34.359413],[92.5948046,34.35895],[92.5947491,34.3586006],[92.5946538,34.3566855],[92.5945806,34.3555071],[92.594534,34.3551963],[92.5944353,34.3548448],[92.5941108,34.35387],[92.5940104,34.3534792],[92.5939208,34.3530766],[92.5938921,34.3527006],[92.5939334,34.3522774],[92.5940578,34.351664],[92.5941769,34.351283],[92.5944077,34.3508476],[92.5947583,34.3503609],[92.5948375,34.350262],[92.5954067,34.3496355],[92.5956045,34.3493905],[92.5957668,34.3491309],[92.5958733,34.3488797],[92.5959544,34.3485741],[92.5959829,34.348293],[92.5959957,34.3480032],[92.5959678,34.347722],[92.5957972,34.3469558],[92.5955319,34.3458169],[92.5950841,34.3438784],[92.5949823,34.3435447],[92.5948398,34.3431963],[92.5938881,34.3412818],[92.5935932,34.3406111],[92.5935036,34.3403491],[92.5934193,34.3400855],[92.5933631,34.3398236],[92.5933492,34.3395622],[92.5933337,34.3392414],[92.5932936,34.3383054],[92.5932429,34.3378009],[92.5930582,34.3365888],[92.5929111,34.3360026],[92.5915609,34.3318412],[92.5905569,34.3285658],[92.5903019,34.3279358],[92.5899797,34.3272846],[92.5896095,34.3266753],[92.5892188,34.3261547],[92.5884837,34.325356],[92.5874859,34.3244045],[92.5864552,34.3234421],[92.5853149,34.3223688],[92.5846465,34.3217222],[92.5845527,34.3216315],[92.5841573,34.3212874],[92.5838105,34.3210254],[92.5834581,34.3208035],[92.5830524,34.3206045],[92.582672,34.3204433],[92.58217,34.3202757],[92.5816682,34.3201649],[92.5808439,34.3200307],[92.5794569,34.3198487],[92.5782778,34.3196977],[92.5770531,34.3195386],[92.5763027,34.3194819],[92.5755951,34.3194506],[92.5742562,34.3194799],[92.5719286,34.3195658],[92.5693145,34.3196783],[92.5685834,34.3196983],[92.5680972,34.3196799],[92.5676725,34.3196193],[92.5672286,34.3195126],[92.5656097,34.3190108],[92.5627628,34.3181438],[92.5576127,34.3165608],[92.5540205,34.3154622],[92.550383,34.314333],[92.5492488,34.3139961],[92.5487297,34.3138045],[92.5483159,34.3136156],[92.5478645,34.3133793],[92.5424002,34.3099329],[92.5369467,34.3064931],[92.5298805,34.302036],[92.5296862,34.3019133],[92.5290591,34.3015178],[92.5274932,34.30053],[92.5269062,34.3001837],[92.5264961,34.2999633],[92.5261481,34.2997762],[92.5253962,34.2993878],[92.5248565,34.2991484],[92.5130984,34.2942717],[92.5098955,34.2929297],[92.5093802,34.2927849],[92.5088351,34.2926753],[92.5084353,34.292616],[92.5080265,34.2925849],[92.5076127,34.2925749],[92.5055961,34.2926988],[92.5052058,34.2927019],[92.5048253,34.2926653],[92.5044424,34.2925585],[92.504095,34.2924453],[92.5037451,34.2922442],[92.5033529,34.2920118],[92.4992992,34.289568],[92.4991835,34.2894954],[92.4934555,34.2860483],[92.4931142,34.2857818],[92.4928194,34.2854945],[92.4925168,34.285166],[92.4922844,34.2848521],[92.4921169,34.2845594],[92.4901655,34.2809771],[92.4856003,34.2726443],[92.4834609,34.2687222],[92.4831652,34.2682104],[92.4826651,34.2674761],[92.482083,34.266617],[92.466286,34.2431925],[92.4653331,34.2417496],[92.4648829,34.2411869],[92.4643503,34.2406352],[92.4637223,34.24011],[92.4628873,34.2395645],[92.4619234,34.2390063],[92.4607821,34.2383433],[92.4596704,34.2377118],[92.4586472,34.2371141],[92.4577397,34.2365429],[92.4571208,34.2360961],[92.4565525,34.2356485],[92.4560948,34.2352489],[92.4547541,34.2339486],[92.4539276,34.2331448],[92.4531261,34.2323814],[92.4517581,34.2310344],[92.4508176,34.2300868],[92.4498805,34.2291206],[92.4488149,34.2278144],[92.4479703,34.226624],[92.447311,34.2255426],[92.4457,34.222983],[92.4442648,34.2205759],[92.4426953,34.217991],[92.4423643,34.2174511],[92.4420857,34.2169918],[92.4415444,34.2160992],[92.4410919,34.2153661],[92.4410691,34.2153292],[92.4406029,34.2145738],[92.4403439,34.2141602],[92.4400169,34.2136078],[92.43846,34.2110581],[92.4374092,34.2093372],[92.4362964,34.207512],[92.4305721,34.1981474],[92.4237608,34.1870143],[92.4234532,34.1865115],[92.4232049,34.1862181],[92.4228555,34.1859345],[92.4223728,34.1856331],[92.4216734,34.1852075],[92.4089,34.177267],[92.40665,34.175933],[92.399833,34.17215],[92.397667,34.170783],[92.3941918,34.168439],[92.3932953,34.1678344],[92.3929581,34.1675528],[92.3926426,34.1672205],[92.3921189,34.1666637],[92.3910458,34.1655672],[92.3902938,34.1648908],[92.3897887,34.1644419],[92.3893475,34.1640349],[92.3890787,34.1637454],[92.3888033,34.1634311],[92.3885126,34.163044],[92.3882722,34.162721],[92.3880364,34.1623286],[92.3864677,34.1595729],[92.3863553,34.1593891],[92.3862184,34.1592003],[92.3859978,34.1589149],[92.385729,34.1585771],[92.385,34.15775],[92.3832706,34.1555874],[92.380367,34.1511114],[92.3801831,34.150808],[92.3800251,34.1505232],[92.3799257,34.1502897],[92.3798662,34.1500357],[92.3798544,34.1498504],[92.3798503,34.1495876],[92.379854,34.149322],[92.3798793,34.1490582],[92.3799063,34.1488585],[92.3799722,34.1485983],[92.3802664,34.1479772],[92.381306,34.1458619],[92.3817851,34.1448414],[92.382283,34.1432598],[92.3824964,34.1424862],[92.3825551,34.1422159],[92.3825881,34.1418507],[92.3825779,34.1415674],[92.3825323,34.1412484],[92.3824385,34.1409399],[92.3823168,34.1406021],[92.382187,34.1402936],[92.3820454,34.1399977],[92.3818299,34.139643],[92.3816658,34.1393923],[92.3814184,34.1391104],[92.3810634,34.1387616],[92.3806843,34.1384573],[92.3803211,34.138214],[92.3794538,34.1375987],[92.3790949,34.1373513],[92.378858,34.1371663],[92.3786716,34.1369511],[92.378521,34.1367092],[92.3784152,34.136454],[92.3783596,34.1361839],[92.378356,34.1359138],[92.3783877,34.1356409],[92.3784343,34.1352734],[92.378647,34.1333458],[92.3786474,34.133062],[92.3785535,34.1327937],[92.3783988,34.1325418],[92.3781123,34.132141],[92.377945,34.1318597],[92.377841,34.1316351],[92.3777878,34.1314231],[92.3777315,34.1311527],[92.3774987,34.1298847],[92.3773922,34.1292802],[92.3773161,34.128915],[92.3772341,34.1286391],[92.3768978,34.1277731],[92.3764562,34.1266555],[92.3763729,34.1263773],[92.3762993,34.1260939],[92.376274,34.1258253],[92.3762689,34.1255062],[92.3763141,34.124471],[92.3763323,34.1237283],[92.3762841,34.1233967],[92.3761802,34.1231343],[92.3756199,34.1221139],[92.3751025,34.1211653],[92.3745929,34.120227],[92.3742833,34.1197813],[92.3737941,34.1191438],[92.3731831,34.1184364],[92.3728323,34.1180804],[92.3725227,34.1178567],[92.3717911,34.1174114],[92.3710632,34.1170017],[92.3706992,34.116739],[92.3703741,34.116468],[92.3700089,34.1161363],[92.3696378,34.1157281],[92.3688394,34.1148132],[92.3669627,34.1127504],[92.365734,34.1113607],[92.3655067,34.1110815],[92.3652734,34.1107309],[92.3650528,34.1103425],[92.3645286,34.1092876],[92.3640411,34.1083102],[92.3636104,34.1075063],[92.363108,34.1066433],[92.362116,34.1051329],[92.3618325,34.1047117],[92.361608,34.104387],[92.3614072,34.1041361],[92.3611992,34.1039624],[92.3609303,34.1038481],[92.3606021,34.1037546],[92.3599481,34.1035904],[92.3592341,34.1034384],[92.3587951,34.1034309],[92.3574491,34.1034327],[92.3567296,34.1034176],[92.3559909,34.1033849],[92.3544626,34.1032919],[92.3490302,34.1029589],[92.3485704,34.1029307],[92.3470637,34.1028237],[92.3467374,34.1027792],[92.346426,34.1027004],[92.3461293,34.1025891],[92.345855,34.1024429],[92.3447716,34.1017858],[92.3437083,34.1011163],[92.3425043,34.1003628],[92.3413557,34.0996195],[92.3411101,34.099412],[92.3408815,34.0991744],[92.3407117,34.098935],[92.3405418,34.0986474],[92.3404125,34.0983576],[92.3403795,34.0981077],[92.3403262,34.0977088],[92.3402681,34.0972017],[92.3400431,34.0954191],[92.3395023,34.0911349],[92.3393956,34.0904978],[92.3391415,34.0896933],[92.338617,34.0885],[92.3379552,34.0873399],[92.334233,34.079917],[92.3340193,34.0793102],[92.3338529,34.0785326],[92.3337361,34.0776538],[92.3337289,34.0770068],[92.3337898,34.0763697],[92.3340213,34.0753586],[92.3409296,34.04915],[92.3410553,34.0483203],[92.3410982,34.0474892],[92.3410249,34.0464881],[92.340567,34.0372],[92.340633,34.0348],[92.342083,34.022017],[92.3425394,34.0186537],[92.34335,34.011433],[92.3437466,34.0082278],[92.3448895,33.9984931],[92.34705,33.979433],[92.3502871,33.9517188],[92.3529418,33.9283312],[92.3531021,33.927325],[92.3534672,33.9260581],[92.3550486,33.9210746],[92.3554702,33.9197314],[92.3559226,33.9182751],[92.3563253,33.9170355],[92.3565516,33.916559],[92.3572535,33.9153116],[92.3581646,33.9137121],[92.3589977,33.9122015],[92.363383,33.9014257],[92.3651751,33.8969233],[92.3654577,33.8958791],[92.3655489,33.8951488],[92.3655839,33.8941489],[92.3648689,33.8858034],[92.3648383,33.8854461],[92.3642393,33.8765861],[92.3640846,33.87431],[92.363678,33.869213],[92.3636746,33.8691832],[92.3636683,33.8691038],[92.3635833,33.8679057],[92.3634821,33.8666672],[92.3633952,33.8653919],[92.3632659,33.8635416],[92.3631406,33.862029],[92.3630575,33.8615418],[92.3628878,33.8609878],[92.3626789,33.8605073],[92.3619144,33.8591829],[92.359017,33.854167],[92.3585523,33.8533871],[92.3581742,33.8529059],[92.3576629,33.8524422],[92.3567767,33.8519035],[92.3539953,33.8504556],[92.3522,33.849383],[92.3502,33.84765],[92.3424336,33.8395834],[92.318585,33.8152304],[92.3178686,33.8146513],[92.316417,33.813733],[92.3008271,33.8047086],[92.3000099,33.8041651],[92.2994466,33.8037372],[92.2989154,33.8032634],[92.2979146,33.8022736],[92.2961717,33.8005376],[92.2916852,33.7960238],[92.2899596,33.7943027],[92.2895693,33.7939137],[92.2892471,33.7936547],[92.2888731,33.7934229],[92.2884648,33.7932194],[92.2871065,33.7926673],[92.2862477,33.7923396],[92.2691262,33.7856142],[92.2574796,33.7810327],[92.227117,33.769117],[92.21455,33.764117],[92.1806661,33.7508085],[92.1794157,33.750431],[92.1780413,33.7500887],[92.1755104,33.7494887],[92.1747748,33.7493495],[92.1740509,33.7492347],[92.1732359,33.749133],[92.1720839,33.7490387],[92.1712647,33.7489949],[92.1697284,33.7489727],[92.1690073,33.7489173],[92.1683298,33.7488445],[92.1675679,33.7487195],[92.1636832,33.7480781],[92.16245,33.747833],[92.1600867,33.7471232],[92.1584868,33.7465881],[92.131267,33.737483],[92.1299732,33.7370958],[92.1290477,33.7368521],[92.128278,33.7366771],[92.1274403,33.7365378],[92.1258996,33.736312],[92.125239,33.7362091],[92.1246805,33.7360959],[92.1241699,33.7359637],[92.1234525,33.7357562],[92.1225421,33.7353939],[92.1214208,33.7348375],[92.1187602,33.7335381],[92.1174191,33.7328867],[92.1164269,33.7322414],[92.1155028,33.7315189],[92.1139537,33.7299333],[92.113059,33.7291947],[92.1086791,33.7262392],[92.1074571,33.7254642],[92.1026625,33.7227761],[92.1020581,33.7224803],[92.1013639,33.7222061],[92.0951098,33.7200218],[92.093901,33.7195312],[92.0927441,33.7189598],[92.0916035,33.7183219],[92.090439,33.7176376],[92.0892446,33.716969],[92.0843666,33.7147621],[92.0831414,33.714216],[92.0826074,33.7139219],[92.0820666,33.7135687],[92.0800452,33.7122253],[92.0780313,33.7108483],[92.0774671,33.7104312],[92.0771443,33.7101693],[92.0768215,33.7098487],[92.0762581,33.7092029],[92.063067,33.6942],[92.0615017,33.6924247],[92.0609497,33.6917987],[92.0592994,33.6899269],[92.0558997,33.6860582],[92.0543252,33.6842664],[92.0540004,33.6837606],[92.0537575,33.6832851],[92.0535991,33.6828944],[92.0534887,33.6825221],[92.0534401,33.6822376],[92.0532691,33.6811544],[92.0530608,33.6798227],[92.0520786,33.6741297],[92.0517744,33.6723652],[92.0516435,33.6715994],[92.0515138,33.6708402],[92.0514587,33.6704936],[92.0514418,33.670213],[92.0514457,33.6699887],[92.0515098,33.6691296],[92.051611,33.6678411],[92.0517086,33.6665224],[92.0518029,33.6653187],[92.0518546,33.6645606],[92.051891,33.664177],[92.0519535,33.6639256],[92.0520499,33.6636699],[92.0521568,33.6633976],[92.0524079,33.6627245],[92.0539691,33.6586004],[92.0543574,33.6575865],[92.0547643,33.6565925],[92.0552083,33.6555923],[92.0556635,33.654567],[92.0560402,33.6537209],[92.0561537,33.6533668],[92.0561934,33.6530567],[92.0561915,33.6528347],[92.0561697,33.6526094],[92.0561099,33.6519856],[92.0560327,33.6513426],[92.05601,33.6511301],[92.0560176,33.6509176],[92.0560481,33.6506749],[92.0561043,33.650453],[92.0561942,33.6502438],[92.0563045,33.6500415],[92.0566718,33.6495561],[92.0572156,33.6488406],[92.0575511,33.6484039],[92.0577212,33.6481536],[92.0578763,33.6478624],[92.0579803,33.6476042],[92.0580973,33.6472669],[92.0582784,33.6467481],[92.05854,33.6460049],[92.0587158,33.6455201],[92.0590733,33.6446289],[92.0601325,33.6421596],[92.0604638,33.6414448],[92.0605754,33.6412805],[92.0607573,33.6410089],[92.0610488,33.6406706],[92.0613114,33.6404105],[92.0755546,33.6257527],[92.0762096,33.6249529],[92.0768311,33.6239661],[92.0773951,33.6228668],[92.0777329,33.6218857],[92.078294,33.6200101],[92.0785466,33.6191656],[92.0797258,33.6152236],[92.0803759,33.61305],[92.0810379,33.6108369],[92.0811744,33.6103093],[92.0813049,33.6095776],[92.0813241,33.6081572],[92.0813133,33.605883],[92.0813015,33.6055336],[92.081286,33.6050775],[92.0810536,33.604413],[92.080766,33.6039467],[92.080569,33.6037296],[92.0803407,33.6035251],[92.080059,33.6033363],[92.0797721,33.6031691],[92.0794192,33.6030168],[92.0790445,33.6028977],[92.0786544,33.6028201],[92.0778226,33.6027741],[92.0771748,33.6027173],[92.0765449,33.6025264],[92.075976,33.6022581],[92.075354,33.601883],[92.0747124,33.60135],[92.0737813,33.6005343],[92.0731046,33.6001194],[92.0723928,33.599783],[92.0717649,33.5994014],[92.0713173,33.5990636],[92.0708853,33.5986618],[92.070026,33.5978589],[92.06875,33.596717],[92.0666,33.59475],[92.0663779,33.5945369],[92.0659825,33.5942165],[92.0656926,33.5940158],[92.06555,33.593917],[92.0652724,33.5936699],[92.0651213,33.5934806],[92.0649873,33.5933092],[92.064869,33.5930694],[92.0647776,33.5928387],[92.0647161,33.5926236],[92.0646753,33.5923861],[92.064623,33.5920167],[92.0645459,33.5912647],[92.0644401,33.5904939],[92.0643249,33.5897392],[92.0642866,33.5894214],[92.064312,33.5889983],[92.0643939,33.5886305],[92.0646327,33.5879289],[92.0648179,33.5874226],[92.0650074,33.5869047],[92.065355,33.5861044],[92.0657638,33.5850719],[92.0660095,33.5844511],[92.0663441,33.5836253],[92.0668208,33.5824486],[92.0673793,33.5810698],[92.0675814,33.5806495],[92.0678564,33.5801907],[92.0687261,33.5789224],[92.069019,33.5784283],[92.0692225,33.5779675],[92.0694272,33.5773798],[92.0695053,33.576847],[92.0695443,33.5763699],[92.0694954,33.5745269],[92.0694375,33.574178],[92.0693007,33.5737934],[92.0692763,33.5737528],[92.0690127,33.5733144],[92.0680392,33.5721229],[92.0676139,33.5716024],[92.0665656,33.5702774],[92.0661625,33.5697679],[92.0656934,33.569364],[92.0653571,33.5691344],[92.0637029,33.5682691],[92.0625527,33.5676297],[92.061667,33.5673177],[92.0602813,33.5669676],[92.0595645,33.5667518],[92.0591056,33.5665661],[92.0587333,33.5663455],[92.0584764,33.5660969],[92.0578202,33.5652423],[92.0574821,33.5648009],[92.0571611,33.5643845],[92.056963,33.5641601],[92.0567939,33.5640234],[92.0563668,33.5637493],[92.0557396,33.563328],[92.0551035,33.5629101],[92.0541736,33.5623574],[92.0537224,33.5621189],[92.0530829,33.5618119],[92.0522778,33.5614703],[92.0514199,33.5611005],[92.0511079,33.5609716],[92.0508779,33.5609044],[92.0506602,33.5608469],[92.050457,33.5608148],[92.0502405,33.5607845],[92.0500212,33.5607699],[92.0497801,33.5607722],[92.0486724,33.560817],[92.0475183,33.560848],[92.0468171,33.5608937],[92.0463913,33.560962],[92.0462354,33.5609905],[92.0447736,33.561288],[92.0445009,33.5613612],[92.0435149,33.561702],[92.043093,33.5618941],[92.0413137,33.5629152],[92.0408315,33.5631309],[92.0404154,33.563285],[92.0399616,33.5633961],[92.0394148,33.5635002],[92.0389979,33.5635629],[92.0385783,33.5635988],[92.03805,33.563617],[92.0369081,33.563657],[92.0357623,33.5636699],[92.0334559,33.5637232],[92.0287936,33.5638187],[92.0273974,33.5638442],[92.0260996,33.5638616],[92.0249046,33.5638728],[92.0236143,33.5638644],[92.0222582,33.563844],[92.0214177,33.56382],[92.0209746,33.5637772],[92.0204621,33.5637002],[92.0199323,33.5635807],[92.0193686,33.563423],[92.0184674,33.5631124],[92.0181038,33.563003],[92.0177596,33.5629459],[92.017267,33.562862],[92.0162781,33.5627098],[92.015713,33.5626106],[92.0153277,33.5625067],[92.0147965,33.5623279],[92.0135686,33.5619022],[92.0126873,33.5616036],[92.0122836,33.5614299],[92.0120442,33.5613144],[92.0117752,33.5611542],[92.0115176,33.5609671],[92.0112602,33.5607093],[92.0110387,33.5604533],[92.010923,33.5602784],[92.01081,33.5600588],[92.0107025,33.5597988],[92.010588,33.5594517],[92.0099417,33.557217],[92.0092568,33.5548664],[92.008752,33.5531277],[92.0079215,33.5502927],[92.0076723,33.5494353],[92.0075348,33.5490598],[92.007383,33.54875],[92.0072614,33.5485091],[92.0071206,33.5482792],[92.0069,33.5479844],[92.0065984,33.5476501],[92.0061087,33.5471579],[92.0055269,33.5465689],[92.0048254,33.5458692],[92.0042089,33.545239],[92.0033454,33.5443593],[92.0024072,33.5434155],[92.0013858,33.5423926],[92.0010614,33.5420357],[92.000822,33.5417487],[92.000623,33.5414304],[92.0004308,33.5410446],[92.0002388,33.540521],[92.0000263,33.5398854],[91.9998149,33.5394622],[91.9995666,33.5390666],[91.99935,33.538767],[91.9950816,33.5332832],[91.9900355,33.5267504],[91.9897285,33.5264554],[91.9885106,33.5256008],[91.9879313,33.5251752],[91.9876792,33.5249434],[91.9874592,33.5246617],[91.9866367,33.5233447],[91.982,33.51525],[91.9816871,33.5148853],[91.9812419,33.514514],[91.9806041,33.5142585],[91.9800101,33.514136],[91.9797613,33.5140847],[91.9795628,33.5140489],[91.975982,33.5133745],[91.9748797,33.5129934],[91.973483,33.51205],[91.9720836,33.5108156],[91.971732,33.5105391],[91.9714277,33.5103488],[91.9711361,33.5101903],[91.9707355,33.510055],[91.9703637,33.5099931],[91.9700302,33.5099602],[91.9696336,33.5099421],[91.9689329,33.5099392],[91.9682982,33.5099258],[91.9678983,33.5098914],[91.9675559,33.5098137],[91.96715,33.509683],[91.9660193,33.5091693],[91.9656823,33.5089855],[91.9654233,33.508795],[91.9652112,33.5085967],[91.964101,33.5068723],[91.9629356,33.5046735],[91.9624744,33.5041192],[91.961567,33.50335],[91.9599882,33.5022185],[91.9597158,33.5019635],[91.9595821,33.5017857],[91.9594342,33.5015906],[91.9592271,33.5012541],[91.9587701,33.5002822],[91.95675,33.496283],[91.952,33.486767],[91.9518768,33.4864784],[91.9516467,33.4859777],[91.9513092,33.4853252],[91.9507041,33.4841958],[91.9503209,33.4833734],[91.9501,33.4827283],[91.9499455,33.4821209],[91.9494843,33.4803375],[91.949044,33.4785825],[91.9489289,33.4782244],[91.9488243,33.4779404],[91.9486322,33.4776248],[91.9484023,33.477271],[91.9481491,33.476903],[91.9480369,33.4766777],[91.947938,33.4764096],[91.9478936,33.4760674],[91.9478746,33.4752944],[91.9478727,33.4748914],[91.9478165,33.4745851],[91.947692,33.4742859],[91.947538,33.4740126],[91.9473592,33.4737445],[91.9471927,33.4735636],[91.9470659,33.4734259],[91.9459951,33.4722642],[91.9452938,33.4715034],[91.9449852,33.4712224],[91.9447224,33.4709882],[91.944504,33.4708077],[91.9442386,33.4706188],[91.9439938,33.4704371],[91.9436926,33.4702554],[91.9433561,33.4700663],[91.9423128,33.4695015],[91.9419892,33.4692856],[91.9417856,33.4691425],[91.941592,33.4689406],[91.9414386,33.4687297],[91.9412746,33.4684806],[91.9410625,33.4680452],[91.938267,33.4624298],[91.938055,33.4620684],[91.9377295,33.4614301],[91.9372015,33.4603148],[91.9364856,33.4585435],[91.9348209,33.4545592],[91.9341658,33.4529175],[91.9338199,33.4519813],[91.9328949,33.4482586],[91.9328041,33.4477235],[91.9327255,33.4468674],[91.9326641,33.444425],[91.9326536,33.4429707],[91.9326335,33.4401849],[91.9325913,33.4376244],[91.9325914,33.4373638],[91.9326203,33.4349791],[91.9326548,33.4343434],[91.9327037,33.4338888],[91.9328295,33.4330139],[91.9336432,33.4277291],[91.9337337,33.4271138],[91.9338993,33.4261388],[91.9340547,33.4240471],[91.9340975,33.4236083],[91.9341697,33.4231862],[91.9342857,33.4227184],[91.934416,33.4222558],[91.9345256,33.4219258],[91.9346504,33.4216591],[91.9347949,33.4214361],[91.9349613,33.4212406],[91.9351714,33.4210543],[91.9353519,33.4209126],[91.9355874,33.4207564],[91.9358939,33.4206084],[91.9362376,33.4204969],[91.9370281,33.4203204],[91.9381254,33.4201079],[91.938942,33.4199516],[91.9395111,33.4198137],[91.9400497,33.4196236],[91.9404766,33.4194153],[91.9410657,33.4190437],[91.9416206,33.4186463],[91.9418483,33.4184252],[91.9420497,33.4181438],[91.9421745,33.4179245],[91.9422577,33.417718],[91.9423171,33.4174964],[91.9423905,33.4169877],[91.9424803,33.4163003],[91.9426773,33.4149582],[91.9427838,33.4146273],[91.9430579,33.4139343],[91.9432202,33.413318],[91.9433783,33.4124495],[91.9435783,33.4114362],[91.9436526,33.4109891],[91.9436867,33.4105523],[91.9436958,33.4100356],[91.9437131,33.4073785],[91.9437394,33.4071098],[91.9437923,33.4068044],[91.9438833,33.4064768],[91.9439887,33.4061609],[91.9443692,33.405259],[91.944829,33.404208],[91.9449358,33.4039254],[91.9449853,33.4037315],[91.945007,33.4035118],[91.9450163,33.4033051],[91.9450101,33.4031241],[91.9449791,33.4029303],[91.9449257,33.4026695],[91.9444623,33.4007629],[91.9440336,33.3990143],[91.9435355,33.3969392],[91.9428952,33.3945343],[91.9419666,33.3917444],[91.9411796,33.3895013],[91.941037,33.3890285],[91.9409722,33.3886531],[91.9409261,33.3883021],[91.9408588,33.3872788],[91.9407465,33.385727],[91.9407155,33.3853547],[91.9406039,33.3849286],[91.9404243,33.3844678],[91.9401488,33.3840231],[91.9398967,33.3837098],[91.9395327,33.3833251],[91.939019,33.3828903],[91.9380036,33.3820681],[91.937067,33.3813],[91.9362846,33.380633],[91.9357428,33.380116],[91.9352237,33.3795736],[91.9340384,33.3781733],[91.9326963,33.3765714],[91.9314259,33.3750588],[91.9276443,33.3703971],[91.9223092,33.36363],[91.9169701,33.3568646],[91.9155124,33.3550524],[91.9151113,33.3546532],[91.9147457,33.3543606],[91.9143599,33.3541037],[91.9140166,33.3539035],[91.9136926,33.3537499],[91.913263,33.3535899],[91.9113269,33.3530129],[91.9103927,33.3527485],[91.9100336,33.3526192],[91.9096992,33.3524408],[91.909371,33.3522494],[91.909109,33.3520511],[91.9089074,33.3518344],[91.9087095,33.3515909],[91.908537,33.3513158],[91.9081172,33.3502244],[91.9077162,33.3493003],[91.9072822,33.3482735],[91.9069019,33.347389],[91.906549,33.3466804],[91.9060511,33.3459201],[91.9056759,33.3454545],[91.9052393,33.3449527],[91.9043565,33.344077],[91.9026092,33.3423378],[91.9008618,33.3405647],[91.8976656,33.3374332],[91.897076,33.3369621],[91.8952345,33.3356568],[91.8932469,33.334286],[91.8910053,33.3327442],[91.8887279,33.3311265],[91.8882188,33.3306877],[91.8877111,33.3301884],[91.88729,33.32964],[91.8869184,33.3290637],[91.8865934,33.3284216],[91.8861219,33.3273813],[91.8855624,33.3261264],[91.8850704,33.3249901],[91.8840411,33.3227115],[91.8832332,33.3208728],[91.8822042,33.3185965],[91.8819123,33.3180221],[91.8815346,33.3173417],[91.8810438,33.3165955],[91.8794597,33.3144696],[91.8776128,33.3119827],[91.875367,33.3089769],[91.8695695,33.301211],[91.8684776,33.299802],[91.868317,33.2995308],[91.8681622,33.2992164],[91.8680446,33.2989032],[91.8679733,33.2985513],[91.8679455,33.2981761],[91.8679636,33.297317],[91.8679644,33.2954131],[91.8679379,33.294257],[91.8679197,33.2904103],[91.867882,33.2900785],[91.8677465,33.2895208],[91.8676868,33.2892581],[91.8675104,33.2884928],[91.8663571,33.283488],[91.8652429,33.2786707],[91.8636065,33.2716976],[91.862017,33.264733],[91.8590284,33.2517455],[91.8581478,33.2479186],[91.8580468,33.2475097],[91.858,33.24715],[91.8579963,33.2467789],[91.8580343,33.246446],[91.8581028,33.2460727],[91.8583355,33.2453487],[91.8587541,33.2441678],[91.8591893,33.2428327],[91.859642,33.2414563],[91.8597869,33.2409295],[91.8598612,33.2403805],[91.859883,33.24],[91.8598891,33.239671],[91.8598581,33.2393551],[91.8597016,33.2385219],[91.8594748,33.2375706],[91.8592234,33.2365972],[91.858767,33.234817],[91.8584432,33.2335726],[91.858183,33.232933],[91.8579409,33.2324934],[91.857691,33.2321208],[91.8576282,33.2320273],[91.8572895,33.2316173],[91.8561294,33.2302056],[91.8557022,33.22961],[91.8554843,33.2291871],[91.8554114,33.2289956],[91.8553684,33.2287842],[91.855278,33.2283228],[91.8552718,33.2279732],[91.855298,33.2276817],[91.8553368,33.2273698],[91.8554611,33.2268992],[91.8559567,33.2251864],[91.8562107,33.2242987],[91.8562433,33.2241848],[91.8563799,33.223689],[91.8564288,33.2235116],[91.8566265,33.2227937],[91.8566458,33.2227236],[91.8569306,33.2214298],[91.857064,33.2205434],[91.857083,33.220417],[91.8571412,33.2199664],[91.8571628,33.219451],[91.8571891,33.2184859],[91.8574708,33.2067516],[91.8574413,33.2059527],[91.8574789,33.2052704],[91.8575072,33.20406],[91.8575379,33.2027479],[91.8575432,33.2025638],[91.857767,33.19115],[91.858083,33.179067],[91.8584082,33.163662],[91.8584976,33.1619693],[91.8586699,33.1606767],[91.8588445,33.1600078],[91.8593827,33.157646],[91.8599609,33.1552051],[91.861119,33.1503325],[91.8618418,33.1473236],[91.8619691,33.1469186],[91.8620862,33.1466251],[91.8623012,33.146315],[91.8625218,33.1460937],[91.8627799,33.1458868],[91.864686,33.1448835],[91.8656821,33.1443971],[91.8688094,33.1428087],[91.8697308,33.1423568],[91.8702303,33.1420699],[91.8705665,33.1417461],[91.8708187,33.141366],[91.8710478,33.1408349],[91.8742316,33.1313847],[91.8752419,33.1282942],[91.8762892,33.125148],[91.8773322,33.1219864],[91.8787523,33.1177697],[91.8795486,33.1153159],[91.8803138,33.1129971],[91.8805034,33.112434],[91.8806542,33.1120756],[91.8808389,33.1117795],[91.8811249,33.1114362],[91.8815058,33.1111556],[91.8818004,33.1109854],[91.8821562,33.1108383],[91.8826043,33.1106931],[91.8837282,33.1103434],[91.8843853,33.1101278],[91.8851486,33.1098926],[91.8856891,33.1097261],[91.8874714,33.1091454],[91.8878947,33.1090075],[91.8889136,33.1087],[91.8896184,33.1084152],[91.890183,33.1081],[91.8906835,33.1077795],[91.8911069,33.1074513],[91.8915865,33.1069817],[91.8919706,33.1065519],[91.895,33.102967],[91.8964262,33.1013053],[91.8978781,33.0995776],[91.8996616,33.0974806],[91.9007709,33.0961762],[91.9035275,33.0929368],[91.9044488,33.0918054],[91.904573,33.0916163],[91.9049046,33.0911113],[91.9056602,33.0899151],[91.9064731,33.088619],[91.908011,33.0861342],[91.9093228,33.0840358],[91.910258,33.0824994],[91.9109117,33.0814255],[91.9121037,33.0795575],[91.9125462,33.0788722],[91.9127825,33.0785554],[91.9128806,33.0784239],[91.913394,33.0777905],[91.9149669,33.0760127],[91.9165671,33.0742726],[91.9171174,33.073622],[91.9174844,33.073205],[91.9178028,33.072891],[91.9183111,33.0724576],[91.918548,33.0722557],[91.9188625,33.0720143],[91.9192768,33.0717218],[91.9198205,33.0714215],[91.920037,33.0713019],[91.9203508,33.0711244],[91.9210169,33.0707475],[91.922231,33.070184],[91.9236178,33.069536],[91.9245745,33.0690689],[91.9253989,33.0685548],[91.9268233,33.0675755],[91.9288554,33.0662072],[91.930918,33.0648245],[91.9326306,33.0636528],[91.9336451,33.0629674],[91.9361895,33.0614361],[91.9375228,33.0606379],[91.9381908,33.0602431],[91.9387186,33.0599194],[91.9389602,33.0597657],[91.9392038,33.0595589],[91.9393981,33.0593441],[91.9403546,33.058101],[91.9404386,33.0579932],[91.9461388,33.0506767],[91.9511192,33.0442441],[91.9528228,33.0420771],[91.9544515,33.0399587],[91.95605,33.037867],[91.9567937,33.0367408],[91.9571169,33.0361949],[91.9574215,33.0356397],[91.9580099,33.0345165],[91.9596307,33.0313869],[91.9627635,33.0254426],[91.9658431,33.0196741],[91.9694225,33.0135432],[91.9698743,33.012894],[91.9716197,33.0114395],[91.9727863,33.0097599],[91.973765,33.0083115],[91.9742046,33.0076636],[91.9743833,33.0074001],[91.9751891,33.0064612],[91.9770425,33.0048538],[91.9816171,33.00204],[91.9818868,33.0016624],[91.982037,33.001253],[91.9820706,33.0009299],[91.981522,32.9968035],[91.9813825,32.9961691],[91.9811611,32.9955041],[91.9788663,32.9917241],[91.9787368,32.991263],[91.9787968,32.9909544],[91.9790275,32.9906889],[91.9793762,32.9904684],[91.9797959,32.9903735],[91.9816346,32.9904009],[91.9822669,32.9903397],[91.9827532,32.9902224],[91.9832101,32.9900768],[91.983759,32.9898883],[91.98439,32.9896521],[91.984761,32.9894999],[91.9850196,32.98935],[91.9853396,32.9890899],[91.9864224,32.9875865],[91.9873603,32.9862174],[91.9874175,32.9860701],[91.987455,32.9859284],[91.9874734,32.9857597],[91.9874607,32.9854952],[91.9873779,32.9852281],[91.9872282,32.984969],[91.9870027,32.9847235],[91.9866232,32.9844081],[91.9859114,32.9838161],[91.9845225,32.9827042],[91.9842503,32.9824888],[91.9840178,32.9822884],[91.9838426,32.9820507],[91.9837184,32.9818343],[91.9836675,32.9815912],[91.9836365,32.9812757],[91.9834545,32.9793681],[91.9833223,32.9781074],[91.9832868,32.9776539],[91.983298,32.9774367],[91.9833605,32.9772403],[91.9834788,32.9770059],[91.9841797,32.9757559],[91.9850775,32.9741848],[91.9860278,32.9725211],[91.9861382,32.9722624],[91.9861761,32.9720155],[91.9862016,32.9716922],[91.986157,32.9713984],[91.9860519,32.9710537],[91.9858479,32.9707096],[91.9849164,32.969467],[91.9839675,32.9681592],[91.9838288,32.9679387],[91.9837117,32.9676874],[91.9836137,32.9673819],[91.9835293,32.9670054],[91.9833311,32.9661231],[91.9832001,32.965767],[91.9830248,32.9654544],[91.9827899,32.9651508],[91.9822688,32.9646017],[91.9811013,32.9633586],[91.9797271,32.9619244],[91.9770967,32.9591792],[91.9748982,32.957654],[91.9744584,32.9572764],[91.9740751,32.9568778],[91.973283,32.956017],[91.9730234,32.955647],[91.9728388,32.9552562],[91.972531,32.9541574],[91.9719834,32.9520829],[91.9711296,32.9505099],[91.9709621,32.9502386],[91.9707288,32.9500037],[91.969022,32.9489317],[91.9689604,32.948893],[91.9685567,32.9485767],[91.9683697,32.9481536],[91.9683389,32.9479292],[91.9683782,32.9476444],[91.9685125,32.9473721],[91.9688344,32.9470839],[91.9691972,32.9468781],[91.9695115,32.9467382],[91.9699133,32.9465594],[91.9702769,32.9462578],[91.9703243,32.9461898],[91.9705316,32.9458922],[91.9706868,32.9455011],[91.9707,32.944917],[91.9706082,32.9445961],[91.9704565,32.9443031],[91.9702187,32.9440042],[91.9680677,32.9420236],[91.9678387,32.9416943],[91.9677052,32.9413797],[91.9671,32.9396],[91.9666017,32.938217],[91.965683,32.935667],[91.9645,32.934017],[91.9632,32.9324],[91.9622552,32.9313227],[91.9618,32.9311034],[91.9592142,32.930617],[91.9586294,32.9303326],[91.9583441,32.9300642],[91.9573982,32.9287074],[91.95713,32.9284688],[91.9568,32.928333],[91.9543898,32.927809],[91.9540562,32.9277214],[91.9536699,32.9275412],[91.9529028,32.9269964],[91.9522323,32.9266317],[91.9514445,32.9263661],[91.9499953,32.9260013],[91.9495232,32.9258617],[91.9490889,32.9257031],[91.946717,32.924731],[91.9428107,32.9226765],[91.9423725,32.9224756],[91.941836,32.922354],[91.940791,32.922255],[91.9403662,32.9221964],[91.9400765,32.9220703],[91.9397975,32.9218902],[91.9395049,32.9214811],[91.9393656,32.9212189],[91.9391002,32.9207194],[91.9386871,32.920098],[91.93825,32.919667],[91.9369,32.918183],[91.9366272,32.917896],[91.9363568,32.917661],[91.9349642,32.9168738],[91.9347764,32.9167117],[91.9341462,32.9160263],[91.927967,32.909667],[91.9253538,32.9076687],[91.9247571,32.9069235],[91.9240194,32.90582],[91.9235766,32.905327],[91.9223814,32.9042397],[91.9217771,32.9037167],[91.9213855,32.9032708],[91.9213367,32.902794],[91.9214338,32.9022754],[91.9217132,32.9019543],[91.9220561,32.9017259],[91.9228393,32.9014377],[91.9231276,32.9012733],[91.9233972,32.9010458],[91.9235493,32.900751],[91.9236822,32.8995632],[91.9236909,32.8986834],[91.9236124,32.8979186],[91.9231427,32.8961225],[91.9230686,32.8957962],[91.9224686,32.8944761],[91.9216562,32.892653],[91.919283,32.888083],[91.918826,32.8867084],[91.9186688,32.8857216],[91.9186537,32.8842285],[91.9185367,32.883008],[91.9184292,32.8826237],[91.91825,32.881983],[91.917933,32.881067],[91.917467,32.880017],[91.91675,32.878983],[91.916033,32.878067],[91.9158535,32.8777232],[91.915773,32.8772051],[91.9159341,32.8766567],[91.91617,32.876304],[91.9166446,32.8758272],[91.9178567,32.8746733],[91.9182171,32.8743081],[91.9183425,32.8740063],[91.9183963,32.8737664],[91.9184429,32.8733541],[91.9184848,32.87245],[91.9184981,32.8721636],[91.918417,32.871817],[91.9182728,32.8716139],[91.9179913,32.8714124],[91.9176505,32.8712174],[91.9174592,32.8710638],[91.9173288,32.8708513],[91.9172093,32.8705937],[91.91695,32.8694],[91.9167709,32.8687923],[91.9161328,32.8675567],[91.915867,32.866217],[91.9158461,32.8656908],[91.9160071,32.8653957],[91.9165358,32.8648528],[91.9169512,32.8644517],[91.9172061,32.8639744],[91.9175386,32.8627417],[91.9176003,32.8621965],[91.9174401,32.8616316],[91.9168337,32.860484],[91.9166944,32.8601281],[91.9166291,32.8598215],[91.9165882,32.8594664],[91.9166337,32.8587925],[91.9167263,32.8573397],[91.9166912,32.8568472],[91.916575,32.8563529],[91.9160318,32.8545083],[91.9158632,32.8539089],[91.9156791,32.8533915],[91.9154227,32.8529398],[91.9146678,32.852076],[91.913967,32.8512297],[91.9131662,32.8502546],[91.9124784,32.8491459],[91.9121079,32.8477773],[91.9121369,32.8464834],[91.9121724,32.8458342],[91.9124249,32.8454523],[91.9135359,32.8444787],[91.9140746,32.8435297],[91.914333,32.841683],[91.914733,32.838417],[91.91495,32.837067],[91.915383,32.8334],[91.915598,32.8318362],[91.91555,32.831367],[91.914683,32.829433],[91.913633,32.827633],[91.9122649,32.8266382],[91.9115178,32.8261312],[91.909083,32.824183],[91.9061088,32.8226652],[91.905567,32.8223271],[91.9050597,32.8219316],[91.9047302,32.8216193],[91.9045585,32.8212497],[91.9045317,32.8209071],[91.9045189,32.8203338],[91.9044459,32.820055],[91.9037,32.818517],[91.9034937,32.8171991],[91.9034293,32.8169308],[91.9033126,32.8166762],[91.9027232,32.8156753],[91.9022232,32.8149432],[91.901358,32.8141266],[91.9011188,32.8138437],[91.9009353,32.8134978],[91.9005504,32.8127503],[91.9002931,32.8120708],[91.9001518,32.8116125],[91.899667,32.80965],[91.8995776,32.8090328],[91.8994775,32.8077065],[91.8994314,32.8069567],[91.8993979,32.8065421],[91.8993917,32.8061868],[91.8994354,32.8058144],[91.8999271,32.8037367],[91.9000235,32.8033185],[91.9001226,32.8031005],[91.9002816,32.8028949],[91.9004817,32.8027123],[91.9007754,32.8025384],[91.9011056,32.8024399],[91.9013824,32.8024156],[91.9017397,32.802448],[91.902716,32.8026967],[91.9030652,32.8027779],[91.9033544,32.8027959],[91.9035266,32.8027737],[91.903662,32.8027562],[91.9039211,32.8026602],[91.9041507,32.8025272],[91.9043031,32.8023813],[91.9044863,32.8020925],[91.90455,32.801833],[91.9047517,32.7985101],[91.9048562,32.7967033],[91.904883,32.794783],[91.9046759,32.7864773],[91.9046464,32.786179],[91.9045686,32.7857505],[91.9041901,32.7842658],[91.900733,32.771433],[91.8998958,32.7683502],[91.8993779,32.7671082],[91.8989459,32.7662624],[91.8984232,32.7654919],[91.8970985,32.7635989],[91.8957523,32.7617019],[91.8950854,32.7607587],[91.8944363,32.7597785],[91.8941126,32.7592533],[91.8938211,32.7587093],[91.89335,32.757683],[91.8895487,32.7491763],[91.88495,32.7387],[91.883117,32.7344],[91.878867,32.72495],[91.8786836,32.7243226],[91.8786085,32.7236366],[91.8786395,32.7229493],[91.8790288,32.7205042],[91.8790823,32.7198053],[91.8788838,32.7193224],[91.8785822,32.7187208],[91.8780576,32.7177924],[91.8778216,32.7172463],[91.8776661,32.7166559],[91.8771,32.71205],[91.8770008,32.710986],[91.8770081,32.709859],[91.8771789,32.6991636],[91.877183,32.6989072],[91.877194,32.6983334],[91.8772141,32.6962951],[91.877198,32.6954735],[91.877133,32.694567],[91.8770019,32.6939313],[91.8761197,32.6910583],[91.8751642,32.6881281],[91.8749181,32.6874916],[91.872429,32.6825432],[91.8722211,32.6820533],[91.8720892,32.681544],[91.8720039,32.6811051],[91.8719958,32.6805159],[91.8720957,32.6796707],[91.8725358,32.6751771],[91.8725457,32.6746166],[91.8724989,32.6740887],[91.8724062,32.6735803],[91.8722527,32.6729964],[91.8717853,32.6716566],[91.8714544,32.6708658],[91.8711992,32.6704351],[91.8709069,32.6700287],[91.8704157,32.6695323],[91.8637829,32.6635755],[91.8630831,32.6628872],[91.8625598,32.6622207],[91.8621575,32.6616065],[91.8618206,32.660933],[91.8593358,32.6555253],[91.85925,32.6553288],[91.8570491,32.6505642],[91.8568266,32.6499631],[91.8566925,32.6493624],[91.8566833,32.6486952],[91.8567109,32.645869],[91.8566818,32.6455953],[91.8566335,32.6452975],[91.8550437,32.6395198],[91.8549088,32.6392126],[91.8546674,32.6388422],[91.8509392,32.6355457],[91.8505261,32.6351379],[91.8501251,32.6345858],[91.8497483,32.6339633],[91.8491975,32.6325452],[91.8460844,32.6241462],[91.8460052,32.6238796],[91.8459543,32.623473],[91.8459787,32.6230894],[91.8460723,32.6227636],[91.8462305,32.6224383],[91.8464612,32.6221017],[91.8467373,32.6218334],[91.8480317,32.6207342],[91.8486982,32.6202493],[91.8502056,32.6194676],[91.8510853,32.6190022],[91.8518085,32.6185045],[91.8523138,32.6180624],[91.852861,32.6174841],[91.8534474,32.616742],[91.8612063,32.6075427],[91.861614,32.6070524],[91.8639,32.604383],[91.8642828,32.6037196],[91.8646154,32.6026983],[91.8647258,32.6020782],[91.8647924,32.6015414],[91.8647119,32.5983418],[91.8645865,32.5974729],[91.8642667,32.5965159],[91.8638311,32.5956237],[91.861917,32.591817],[91.860983,32.589767],[91.8562,32.567483],[91.8557,32.56535],[91.8551248,32.5637729],[91.8540331,32.5613131],[91.8530752,32.5593627],[91.852409,32.5586941],[91.8519632,32.5583649],[91.8516095,32.5581397],[91.8512794,32.5579692],[91.8509007,32.5576629],[91.8507206,32.5573879],[91.8507166,32.5571171],[91.8508131,32.5567725],[91.8517213,32.5548211],[91.851768,32.5546226],[91.851768,32.5544363],[91.851669,32.553552],[91.851569,32.5532607],[91.8507635,32.5516654],[91.8506277,32.5514916],[91.8504121,32.5513127],[91.8501006,32.5511265],[91.8498327,32.551012],[91.8495766,32.5509701],[91.8493178,32.5509759],[91.8488299,32.5510497],[91.8485418,32.5510354],[91.8482905,32.5509668],[91.848071,32.5508455],[91.8474582,32.5503024],[91.8472283,32.5501733],[91.8469319,32.5500744],[91.8465105,32.5499938],[91.8461232,32.5500105],[91.8458654,32.5500941],[91.8451796,32.550499],[91.8449672,32.5505712],[91.8447612,32.5505956],[91.844074,32.5505666],[91.8437828,32.5506322],[91.8427541,32.5510059],[91.8412685,32.5512494],[91.8406821,32.5514076],[91.8393313,32.5518896],[91.8379316,32.5525693],[91.8375911,32.5526579],[91.8362805,32.5528416],[91.8359496,32.5529157],[91.8357557,32.5530158],[91.8353744,32.5532791],[91.8349334,32.5537014],[91.8347946,32.5540819],[91.834796,32.5545759],[91.8347356,32.554837],[91.8346682,32.5550223],[91.8345424,32.5551942],[91.8343386,32.5553344],[91.8340866,32.555437],[91.8337758,32.5554937],[91.8290171,32.5559041],[91.8285919,32.5558879],[91.8282768,32.555782],[91.827983,32.5556],[91.8278262,32.5553118],[91.8277444,32.5550044],[91.8276284,32.5541109],[91.827667,32.5537273],[91.8282571,32.550847],[91.8282983,32.550342],[91.8283027,32.5499924],[91.828,32.5485],[91.8277608,32.547476],[91.8276733,32.5465884],[91.8275794,32.5451875],[91.8275258,32.5449026],[91.8274,32.544617],[91.8272147,32.5442514],[91.8266299,32.5436771],[91.8259213,32.5431364],[91.8241973,32.5421827],[91.8236205,32.541909],[91.8232718,32.54171],[91.8228963,32.5413844],[91.8226,32.541033],[91.8223384,32.5405161],[91.8222848,32.5400458],[91.8223206,32.5394852],[91.822982,32.5377889],[91.8311902,32.5296],[91.8314891,32.5292915],[91.8317556,32.5289519],[91.8320309,32.5285],[91.832267,32.527983],[91.8328839,32.5267089],[91.8331,32.526133],[91.833367,32.524233],[91.8335759,32.5217697],[91.833683,32.520933],[91.8341176,32.5196346],[91.8365733,32.5126229],[91.8368075,32.5119885],[91.8368985,32.5117173],[91.8369518,32.5114011],[91.8369531,32.5110802],[91.8369197,32.5107502],[91.8368226,32.5103945],[91.8365109,32.5097766],[91.8360004,32.5088542],[91.8355118,32.5081109],[91.8353612,32.5078798],[91.8349229,32.507373],[91.831179,32.5043092],[91.8305563,32.5036905],[91.8292678,32.502009],[91.8278579,32.5004011],[91.8259218,32.4982377],[91.825283,32.4974],[91.8251172,32.4970749],[91.8249562,32.4963827],[91.8249529,32.4959224],[91.8250153,32.4955547],[91.8253993,32.4944233],[91.827101,32.4894931],[91.8272358,32.488926],[91.8273005,32.4883015],[91.8272629,32.4876907],[91.8271,32.486933],[91.8269133,32.4864207],[91.8262768,32.4851158],[91.8236986,32.4800493],[91.8230303,32.4787669],[91.8227062,32.4782753],[91.8218,32.47725],[91.820716,32.4764471],[91.820165,32.4760964],[91.8195131,32.4756596],[91.8189847,32.4752772],[91.8186044,32.4749261],[91.815833,32.472167],[91.8120887,32.4683664],[91.8120044,32.4682784],[91.8107972,32.4670585],[91.8105323,32.4667009],[91.8103199,32.4663086],[91.8098725,32.4653884],[91.8097009,32.4649471],[91.8095583,32.4644491],[91.8092922,32.4625319],[91.8092275,32.4621228],[91.8091125,32.4617207],[91.8089193,32.4613812],[91.8086937,32.4610795],[91.8084118,32.4608181],[91.8079752,32.4605665],[91.8075108,32.4603711],[91.8070459,32.4602345],[91.8058369,32.459919],[91.8052814,32.4597221],[91.8049397,32.4595312],[91.8045817,32.459243],[91.8043293,32.4589177],[91.8041473,32.4586398],[91.8025841,32.4553489],[91.798442,32.4465306],[91.7981449,32.446088],[91.7977315,32.4457024],[91.7972809,32.4454172],[91.7968117,32.4451994],[91.794341,32.4443466],[91.7918946,32.4427143],[91.7915681,32.4424618],[91.7913264,32.4422211],[91.7911046,32.4418963],[91.7909723,32.441619],[91.79086,32.4413073],[91.7908329,32.4409444],[91.79086,32.4405604],[91.7910753,32.4399717],[91.7922135,32.4384481],[91.7924103,32.4379255],[91.7924854,32.437441],[91.7924207,32.437069],[91.7923282,32.4367498],[91.7922466,32.4366028],[91.7917639,32.4358066],[91.7914404,32.4352715],[91.7912259,32.4347806],[91.7908975,32.4328136],[91.7907403,32.4314298],[91.7907849,32.4310072],[91.7908959,32.4303703],[91.7910407,32.429904],[91.7913148,32.42933],[91.793729,32.4243754],[91.7939053,32.4240448],[91.7964717,32.4203034],[91.7967555,32.4198751],[91.7969969,32.4195082],[91.7971133,32.4191497],[91.797183,32.418683],[91.7972331,32.4148011],[91.7972437,32.4144318],[91.7972115,32.4140605],[91.7970972,32.4136929],[91.7969312,32.4133713],[91.7966466,32.4129955],[91.7960489,32.4124786],[91.7934613,32.410256],[91.7927466,32.4098163],[91.7914739,32.409267],[91.78535,32.406717],[91.7833921,32.4060998],[91.7804997,32.4054232],[91.7793173,32.4051843],[91.7786034,32.4050555],[91.7773194,32.4049287],[91.7751375,32.4047291],[91.7744595,32.4046716],[91.7741231,32.4046716],[91.7737754,32.4046985],[91.7734799,32.4047446],[91.7731966,32.4048193],[91.7720935,32.405253],[91.7717345,32.4053816],[91.7713799,32.4054699],[91.7710822,32.4055082],[91.7707873,32.4055046],[91.7703046,32.4054377],[91.769691,32.4053015],[91.7686921,32.4050489],[91.76814,32.4049567],[91.7675339,32.4049205],[91.7666759,32.4049034],[91.7536084,32.4044534],[91.7530741,32.4043861],[91.7522651,32.4042482],[91.7488254,32.4035844],[91.7477384,32.4033094],[91.7449074,32.4025019],[91.7442094,32.4023208],[91.7435133,32.4020898],[91.7429605,32.4018165],[91.741982,32.4012765],[91.7389513,32.3995671],[91.7384533,32.3993518],[91.7379633,32.3992062],[91.7372222,32.399157],[91.7359381,32.3991215],[91.7354654,32.399071],[91.7349894,32.3989355],[91.7345534,32.3987449],[91.733274,32.3979794],[91.7322402,32.3974764],[91.7292954,32.3964567],[91.7286056,32.3962763],[91.7279,32.396167],[91.7268032,32.3961608],[91.7254415,32.3962309],[91.7237187,32.3962616],[91.7233579,32.3962242],[91.7229973,32.3961536],[91.7224369,32.3959699],[91.7218687,32.3956667],[91.7210591,32.3950695],[91.7194603,32.3938784],[91.7176142,32.3926385],[91.7155285,32.3912519],[91.7147642,32.3907693],[91.7144006,32.3905159],[91.7139278,32.3900822],[91.7135955,32.3896885],[91.7133371,32.3893776],[91.7120477,32.387273],[91.7118704,32.3868815],[91.7117993,32.3864595],[91.7117776,32.3858825],[91.7118076,32.3848471],[91.7117341,32.384004],[91.7117225,32.3836562],[91.7117123,32.3834917],[91.7115752,32.3831078],[91.7106785,32.3812618],[91.7094862,32.3788818],[91.7092006,32.3782807],[91.7091223,32.3779428],[91.709087,32.3775926],[91.709132,32.3772805],[91.709222,32.376952],[91.7093505,32.3766779],[91.7095473,32.3763658],[91.7102324,32.3757532],[91.7106356,32.3753354],[91.7109473,32.3748434],[91.7111511,32.3744958],[91.7112852,32.3739431],[91.7112692,32.3734628],[91.7110454,32.3726102],[91.710722,32.371569],[91.7106545,32.3709997],[91.7108759,32.3684625],[91.7110143,32.3680938],[91.7112557,32.3676815],[91.7122314,32.36671],[91.7125861,32.3662361],[91.7127578,32.3658646],[91.713133,32.36465],[91.7139927,32.3615],[91.7140828,32.3609165],[91.7141526,32.3601239],[91.7139856,32.3573999],[91.7139916,32.3567658],[91.7141418,32.3546677],[91.7141847,32.3539245],[91.7141794,32.3532129],[91.7140452,32.351917],[91.7138249,32.3506086],[91.7134562,32.3484209],[91.7132889,32.3479471],[91.7120621,32.3456399],[91.7118512,32.3451508],[91.7117939,32.3446474],[91.71185,32.344167],[91.7119226,32.343741],[91.7121731,32.3432065],[91.7135061,32.3413728],[91.7154113,32.3393789],[91.7159137,32.3388326],[91.7161654,32.3385017],[91.7175214,32.3353927],[91.717967,32.334533],[91.718326,32.3339922],[91.7214957,32.3302265],[91.7217271,32.3299444],[91.7219899,32.3295365],[91.7221061,32.3290633],[91.7219041,32.3274649],[91.7219266,32.326918],[91.7220919,32.3263362],[91.7227596,32.3242135],[91.7233097,32.3232098],[91.7234437,32.3228684],[91.7235564,32.3220161],[91.7236905,32.3215991],[91.7239734,32.3211009],[91.7250369,32.3192599],[91.7254875,32.3184711],[91.7256633,32.3179364],[91.7264313,32.3156902],[91.7266784,32.3152659],[91.727109,32.3147585],[91.7324538,32.3091505],[91.7327778,32.3087282],[91.7330477,32.3083062],[91.7338738,32.3061344],[91.733962,32.305763],[91.7340221,32.305473],[91.7341796,32.3041168],[91.7342691,32.3037771],[91.7344049,32.3035002],[91.73475,32.302983],[91.7349342,32.3026609],[91.735004,32.3024891],[91.7350313,32.3023198],[91.7350313,32.3020044],[91.7350131,32.3017787],[91.7349251,32.3015274],[91.7347158,32.3012427],[91.7344896,32.3010176],[91.73418,32.3006476],[91.7337939,32.3000147],[91.7334985,32.299543],[91.7332639,32.2992205],[91.7329829,32.2988977],[91.7323403,32.2982821],[91.7305893,32.2966586],[91.7293561,32.2955609],[91.7285339,32.2949851],[91.7275287,32.2944476],[91.7262492,32.2939316],[91.7213107,32.2921271],[91.7201795,32.2917041],[91.7195625,32.291432],[91.718967,32.291117],[91.7179532,32.2905251],[91.7172049,32.2899712],[91.7154962,32.288525],[91.7149982,32.2881332],[91.7146614,32.2879158],[91.7142273,32.2876917],[91.7127655,32.2871423],[91.7124372,32.2870556],[91.7120671,32.2869992],[91.7116211,32.2869889],[91.7105973,32.2869962],[91.7089845,32.2870146],[91.7075211,32.2870183],[91.7069031,32.2869735],[91.7062781,32.286853],[91.705641,32.2866478],[91.7049862,32.2863958],[91.7043302,32.2861297],[91.7037296,32.2858436],[91.7033502,32.2856346],[91.7030196,32.2854123],[91.7024525,32.285014],[91.6985625,32.2821565],[91.694152,32.2789403],[91.6936426,32.2785103],[91.6930678,32.2780009],[91.6928446,32.2777602],[91.6925399,32.2774315],[91.6921841,32.2769575],[91.6914095,32.2758945],[91.6909349,32.275251],[91.6905984,32.27478],[91.6899725,32.2738823],[91.6898405,32.273674],[91.6897425,32.2735192],[91.6894563,32.2730552],[91.6892724,32.2727233],[91.6891306,32.272403],[91.6884856,32.2707507],[91.6880602,32.269661],[91.687776,32.2689331],[91.6874418,32.2681271],[91.6870911,32.2674602],[91.6856099,32.2649579],[91.6853537,32.2645528],[91.685,32.264183],[91.684557,32.263827],[91.68405,32.263483],[91.68341,32.2630356],[91.6830119,32.2627782],[91.6824889,32.2624309],[91.6817867,32.2619765],[91.681607,32.2618259],[91.6814482,32.2616717],[91.6812755,32.2614558],[91.6811449,32.261238],[91.6809548,32.2608229],[91.6803786,32.2592091],[91.6801931,32.2586998],[91.680041,32.2580831],[91.6798943,32.2571635],[91.6798116,32.2562875],[91.6797191,32.2551948],[91.6796529,32.2544123],[91.6795721,32.2534574],[91.6794643,32.2525907],[91.6793857,32.2523571],[91.6791936,32.2519665],[91.6789698,32.251589],[91.6753362,32.2478594],[91.6748923,32.2474486],[91.6745973,32.2469269],[91.6744526,32.2464626],[91.674431,32.2459877],[91.6745383,32.2455159],[91.6748063,32.2449647],[91.6751015,32.2446175],[91.6772526,32.2427845],[91.677832,32.2422718],[91.6781,32.241967],[91.6783175,32.2416638],[91.6784248,32.2412918],[91.6784893,32.2408586],[91.6782417,32.2359579],[91.6780249,32.2320509],[91.6780144,32.231527],[91.6780848,32.2311109],[91.678229,32.2306422],[91.678912,32.229241],[91.6790334,32.2288355],[91.6790908,32.2284536],[91.679088,32.228068],[91.6790152,32.2275445],[91.6787804,32.2261743],[91.676483,32.211767],[91.675683,32.2066],[91.6757243,32.205278],[91.6758098,32.2046695],[91.6759172,32.2041582],[91.676481,32.2016876],[91.6771352,32.1988793],[91.6777765,32.1960753],[91.6784129,32.1933146],[91.67915,32.190117],[91.6793837,32.1895134],[91.6795488,32.1891045],[91.6797639,32.1887533],[91.6800752,32.1885054],[91.6805017,32.1883996],[91.6811492,32.188428],[91.6856844,32.1890773],[91.6861648,32.189036],[91.6877481,32.1884807],[91.6882661,32.1881368],[91.68855,32.187717],[91.6889283,32.1869481],[91.6892686,32.1848715],[91.6892818,32.1835727],[91.6894527,32.183111],[91.6897749,32.182702],[91.6901867,32.1824864],[91.6907739,32.1824383],[91.691268,32.1825656],[91.691601,32.1827565],[91.6918707,32.1831],[91.6923743,32.1847929],[91.6925734,32.1857204],[91.6933052,32.1868682],[91.6935507,32.1871202],[91.6942277,32.1874091],[91.6948126,32.1874291],[91.6953175,32.1872746],[91.6962337,32.1866001],[91.6964883,32.1862249],[91.6966436,32.1856714],[91.6967604,32.1849713],[91.697233,32.183917],[91.69835,32.182483],[91.6988132,32.182261],[91.6993362,32.1822018],[91.6997671,32.1822683],[91.700118,32.1824257],[91.7003342,32.1826974],[91.7004631,32.1830392],[91.7004053,32.1833782],[91.6998616,32.1846101],[91.6991889,32.1854239],[91.6990366,32.1857883],[91.6990195,32.1861155],[91.6992088,32.186487],[91.699733,32.18755],[91.6999561,32.1879191],[91.7002,32.188067],[91.7008405,32.1885139],[91.7017349,32.1895917],[91.7021814,32.1899245],[91.7026028,32.1900353],[91.7029637,32.1900135],[91.7034105,32.1898753],[91.7040798,32.189377],[91.7044846,32.1892208],[91.7048627,32.1891699],[91.7051602,32.1892284],[91.7053835,32.1892999],[91.7056167,32.1894499],[91.7058276,32.1896703],[91.7062228,32.190177],[91.7064782,32.1903626],[91.7068134,32.1904135],[91.7072678,32.1904509],[91.7076727,32.1905589],[91.7085406,32.1909371],[91.708828,32.1909648],[91.7092538,32.1909298],[91.7095374,32.1907771],[91.7103486,32.19013],[91.7107919,32.1897517],[91.7107953,32.1894617],[91.7107526,32.1886122],[91.7107871,32.1882277],[91.7111747,32.1867539],[91.7113509,32.1859733],[91.7114543,32.1856703],[91.7117619,32.1851871],[91.7120757,32.1848147],[91.7135724,32.1837726],[91.7141116,32.1834164],[91.7144495,32.1830623],[91.714783,32.182517],[91.7148948,32.1821815],[91.7149269,32.181791],[91.7149133,32.180909],[91.7149484,32.1804562],[91.7150396,32.1799159],[91.7152856,32.1793327],[91.7162466,32.177001],[91.7164669,32.1764228],[91.7165416,32.1760475],[91.7165685,32.1756978],[91.7164912,32.1752584],[91.7163432,32.1747943],[91.7151576,32.1719654],[91.7149848,32.1711828],[91.7149133,32.1698235],[91.7149806,32.1693136],[91.7151466,32.168759],[91.716667,32.165267],[91.7169896,32.1644638],[91.7172362,32.1637856],[91.7180036,32.1598688],[91.718617,32.158183],[91.7190372,32.1571151],[91.7201701,32.154236],[91.72145,32.150983],[91.7224263,32.1481887],[91.7224981,32.1478007],[91.7225234,32.1474365],[91.7224923,32.1470122],[91.7224638,32.1467512],[91.722396,32.1464267],[91.7222998,32.1461044],[91.7183619,32.1333795],[91.7173341,32.130119],[91.7167457,32.1277054],[91.7162922,32.1257472],[91.7160883,32.1252793],[91.7157577,32.1248422],[91.7153376,32.1244931],[91.714724,32.1242333],[91.7140734,32.1240579],[91.7130705,32.1240396],[91.7122178,32.1239647],[91.7115798,32.1237799],[91.7111051,32.1234935],[91.7107359,32.1231721],[91.7103564,32.1226833],[91.7101914,32.1221482],[91.7101514,32.1218832],[91.7101542,32.1215868],[91.710197,32.1212872],[91.7102805,32.1210325],[91.7103993,32.1207836],[91.7105598,32.1205347],[91.7107542,32.1203183],[91.7109404,32.1201402],[91.7112264,32.1199292],[91.7115848,32.1197329],[91.717375,32.1163288],[91.7176147,32.1161073],[91.7178308,32.115848],[91.717986,32.1155945],[91.7181365,32.1151496],[91.7181671,32.1147751],[91.7181295,32.1142617],[91.7179612,32.1137923],[91.7176055,32.1133009],[91.7173302,32.1130349],[91.7169332,32.1127578],[91.7163646,32.1125351],[91.7157851,32.1124363],[91.7097449,32.1118854],[91.709,32.111733],[91.7082375,32.1113992],[91.7077538,32.1110531],[91.7060166,32.1096726],[91.704883,32.108917],[91.702633,32.107617],[91.7015427,32.1069917],[91.700317,32.1064],[91.7000653,32.1062961],[91.6988444,32.105792],[91.6981279,32.1053942],[91.6963968,32.1039045],[91.6959476,32.1036381],[91.6953224,32.1033862],[91.693671,32.1028239],[91.690467,32.101733],[91.684583,32.099567],[91.682983,32.09895],[91.6820336,32.0985485],[91.6811768,32.0981095],[91.6801397,32.097492],[91.6795352,32.0971307],[91.6790374,32.0967671],[91.678583,32.0963468],[91.6781472,32.0958214],[91.6739117,32.0894432],[91.673,32.0881027],[91.6726724,32.0874],[91.6725118,32.0864347],[91.6726287,32.0843535],[91.6726822,32.0837372],[91.6727304,32.0834963],[91.6728431,32.0831691],[91.6730466,32.0828352],[91.6746672,32.0812955],[91.6763115,32.0797409],[91.6766786,32.0793056],[91.677081,32.0787647],[91.6773438,32.0782829],[91.677817,32.0774194],[91.6802037,32.0730412],[91.6807814,32.0718485],[91.6829817,32.0668934],[91.684958,32.0624397],[91.6852483,32.0617469],[91.6875534,32.0543012],[91.6876207,32.0537702],[91.6874807,32.0528787],[91.6873628,32.0520343],[91.6873775,32.0516141],[91.6875645,32.0508264],[91.6877365,32.0497875],[91.6879332,32.0487285],[91.6882294,32.0475012],[91.6911954,32.0350864],[91.6914147,32.0342274],[91.6918141,32.0329144],[91.6945395,32.0244632],[91.6948578,32.0237457],[91.696814,32.0205018],[91.6971759,32.020067],[91.6982087,32.0193738],[91.698867,32.018833],[91.7000562,32.0172966],[91.7002258,32.0170132],[91.7003062,32.0167448],[91.7003792,32.0163902],[91.7006597,32.0128103],[91.7007193,32.0124328],[91.700848,32.0120871],[91.7014059,32.0111318],[91.7015653,32.0106213],[91.7015175,32.009023],[91.7013729,32.0067176],[91.701335,32.0060447],[91.701287,32.0056046],[91.7012313,32.0053015],[91.7011586,32.0049851],[91.7009756,32.004229],[91.7007874,32.0034525],[91.7007242,32.0031449],[91.7007141,32.0028139],[91.7007492,32.0025162],[91.7008331,32.0022405],[91.7009415,32.0020132],[91.7011243,32.0016745],[91.701473,32.0013106],[91.7018217,32.0010831],[91.702081,32.000941],[91.7056439,31.9995033],[91.706081,31.999227],[91.7064652,31.998876],[91.7071814,31.9978605],[91.7094762,31.9944559],[91.7097058,31.9939211],[91.7097966,31.9934733],[91.7099047,31.990503],[91.7100784,31.9899214],[91.7108668,31.9887194],[91.7109274,31.9886271],[91.7112986,31.9880578],[91.7115083,31.9877362],[91.711765,31.9871412],[91.7118609,31.9868257],[91.7118947,31.9864403],[91.7120309,31.9851204],[91.7120489,31.9848461],[91.712092,31.984168],[91.712118,31.9838269],[91.712168,31.9831726],[91.7121752,31.9830785],[91.7121988,31.9828835],[91.712235,31.9827491],[91.7122548,31.9826759],[91.7123958,31.9823486],[91.7125112,31.9821109],[91.7127645,31.9816595],[91.7144985,31.9785641],[91.714638,31.9783091],[91.7160545,31.975679],[91.7165992,31.9746089],[91.7170425,31.9734897],[91.7173886,31.9723194],[91.7175319,31.9713294],[91.7186899,31.9650084],[91.7194926,31.9603791],[91.7196484,31.9594752],[91.7226425,31.9426622],[91.7238652,31.9356828],[91.7247401,31.9306623],[91.7253572,31.9282503],[91.7255042,31.9277205],[91.7255938,31.9273366],[91.7256417,31.9269987],[91.7256647,31.926728],[91.7256472,31.926383],[91.7256201,31.9260456],[91.7255674,31.9257478],[91.7243885,31.9220852],[91.7242067,31.921477],[91.7240808,31.9211589],[91.7238353,31.9206588],[91.7234569,31.9199577],[91.7230393,31.9193677],[91.722684,31.9189745],[91.7217328,31.9179592],[91.7215729,31.9177885],[91.7177226,31.91369],[91.7148565,31.910699],[91.7088733,31.9043684],[91.7075338,31.9029472],[91.7063997,31.901749],[91.7056416,31.9009492],[91.7051223,31.9003608],[91.7047793,31.9000879],[91.7045036,31.899903],[91.7042891,31.8997992],[91.7037878,31.8995991],[91.703109,31.8993554],[91.7019282,31.8989491],[91.7013024,31.8987321],[91.6996281,31.898133],[91.6991025,31.8979465],[91.6988365,31.8978095],[91.6985558,31.8976581],[91.6983223,31.8975443],[91.6981098,31.8973713],[91.6979751,31.8972378],[91.6977907,31.8970468],[91.6976087,31.8968535],[91.6974396,31.8966234],[91.6973117,31.896403],[91.6972162,31.8962318],[91.6971401,31.8960669],[91.6970597,31.8958839],[91.6970002,31.8957141],[91.6969396,31.8955383],[91.6969017,31.8953621],[91.6968804,31.895189],[91.6968672,31.8949963],[91.6968612,31.8948229],[91.6968697,31.8946435],[91.6968858,31.8944613],[91.6969116,31.894281],[91.6969539,31.8941203],[91.6969984,31.8939948],[91.6970489,31.8938393],[91.6980529,31.8910828],[91.6981373,31.8908141],[91.6981688,31.8905123],[91.6980904,31.8894295],[91.6981267,31.8890385],[91.6984673,31.8880403],[91.698537,31.8876076],[91.6985477,31.8871384],[91.6986036,31.8866783],[91.6986926,31.8864005],[91.6988857,31.8860361],[91.6992826,31.8854166],[91.699483,31.8850274],[91.7001046,31.8816281],[91.7002751,31.8805518],[91.700367,31.8794349],[91.7004437,31.8738728],[91.7004065,31.8733088],[91.7002831,31.8728441],[91.7000685,31.8723111],[91.6996659,31.8715749],[91.696465,31.8665048],[91.6959462,31.8655711],[91.6954132,31.8635541],[91.6950291,31.861198],[91.6945789,31.8588811],[91.6945207,31.8585069],[91.6945129,31.8581781],[91.6945241,31.8579035],[91.6945605,31.8576432],[91.694612,31.8573855],[91.6946757,31.8571453],[91.6947926,31.8568456],[91.6949752,31.8564472],[91.6954279,31.855427],[91.6959302,31.8543226],[91.6965039,31.8530385],[91.6967762,31.8524472],[91.6983526,31.8489388],[91.698473,31.8486709],[91.6988066,31.8481473],[91.6992706,31.8476006],[91.7118053,31.8349408],[91.7153962,31.830854],[91.7163241,31.8300732],[91.7175654,31.8291959],[91.7195759,31.8281144],[91.7254639,31.8253797],[91.7296462,31.823354],[91.7312998,31.8223158],[91.7318481,31.8218354],[91.7322723,31.8214359],[91.7428055,31.8088456],[91.7432266,31.808376],[91.7436889,31.8079648],[91.748391,31.8046868],[91.7503307,31.8033419],[91.7517363,31.8023723],[91.7520351,31.8021662],[91.7526221,31.8017863],[91.7542554,31.8008234],[91.755264,31.8002371],[91.755603,31.8000475],[91.755854,31.7998706],[91.75609,31.79965],[91.7562792,31.799421],[91.7564075,31.7992233],[91.7564955,31.7990355],[91.7565856,31.7987912],[91.7566435,31.798525],[91.7566671,31.7983043],[91.7566584,31.798071],[91.7553657,31.7913931],[91.7552655,31.7908563],[91.7552415,31.79044],[91.7552542,31.7900961],[91.7552808,31.7897553],[91.7558443,31.7852671],[91.7559578,31.7844574],[91.7561983,31.7837504],[91.7564031,31.7833539],[91.7566484,31.7829739],[91.7639782,31.7754492],[91.7643451,31.7749403],[91.7646688,31.774236],[91.766337,31.7701023],[91.7671309,31.7671292],[91.7673438,31.7664621],[91.7676227,31.766038],[91.7680631,31.7655727],[91.7700026,31.7639802],[91.7708038,31.7631919],[91.7715292,31.7623369],[91.7729292,31.7605369],[91.7731629,31.7602318],[91.7734815,31.7598938],[91.7739851,31.759494],[91.774416,31.7591947],[91.7746991,31.7589508],[91.7748953,31.7587639],[91.7751381,31.7584517],[91.775308,31.7581344],[91.7757132,31.7572539],[91.775982,31.7568257],[91.7762733,31.7564697],[91.7769168,31.755896],[91.7781665,31.7547876],[91.7788886,31.7542045],[91.7795435,31.7537784],[91.7801855,31.753409],[91.7806818,31.7531688],[91.7812982,31.7529046],[91.7820184,31.7526452],[91.7832756,31.7522001],[91.7841302,31.7519004],[91.784462,31.7517549],[91.7847538,31.7515981],[91.7850413,31.7513773],[91.7862071,31.7504279],[91.7870129,31.7497736],[91.7874527,31.7494671],[91.7881794,31.749019],[91.7891154,31.7484765],[91.7895273,31.7482028],[91.7902951,31.7476492],[91.7912243,31.7469842],[91.7915547,31.7467324],[91.7917736,31.7465354],[91.7919449,31.7463514],[91.7922642,31.7459223],[91.7931761,31.7443713],[91.7944186,31.7426314],[91.7948123,31.7418759],[91.7950751,31.7410821],[91.7952104,31.7404171],[91.79522,31.7399462],[91.7951288,31.7395082],[91.7949216,31.7386447],[91.7948779,31.7383218],[91.794896,31.7380067],[91.7949658,31.7377228],[91.7950356,31.7374932],[91.7951751,31.7372171],[91.7954088,31.7368997],[91.7957126,31.7364703],[91.7972962,31.7345868],[91.7990292,31.7328208],[91.8006962,31.7311538],[91.8028492,31.7294891],[91.8101936,31.7236419],[91.8109941,31.7229643],[91.8123673,31.7216137],[91.8131915,31.7210693],[91.819443,31.7176301],[91.820033,31.7173447],[91.8205803,31.7171829],[91.8212186,31.7170867],[91.8255846,31.7166075],[91.8260037,31.7165486],[91.8264704,31.7164026],[91.8268674,31.7162018],[91.8272276,31.7159338],[91.8315727,31.7122518],[91.832414,31.7115896],[91.8404097,31.706838],[91.8413057,31.7062076],[91.84249,31.7052855],[91.8469859,31.7016435],[91.8475633,31.7011142],[91.8479196,31.7005878],[91.8482537,31.6999626],[91.8498429,31.6956722],[91.8507391,31.6931732],[91.8518845,31.6885827],[91.8520822,31.6878731],[91.8533893,31.6825204],[91.853422,31.6821566],[91.8533728,31.6819176],[91.8533095,31.6817104],[91.8532208,31.6814075],[91.8530882,31.6811132],[91.8529148,31.680872],[91.8527347,31.6806316],[91.8524172,31.6803797],[91.8520267,31.6801752],[91.8517632,31.6800688],[91.851353,31.679967],[91.8509604,31.6799178],[91.8500915,31.6798739],[91.849729,31.6798246],[91.8494003,31.6797407],[91.8491197,31.6796202],[91.8488215,31.6794467],[91.8484846,31.6792021],[91.8480041,31.6788077],[91.8476309,31.6785343],[91.8473326,31.678344],[91.8470279,31.6781924],[91.8466031,31.6780172],[91.84548,31.6776548],[91.8432305,31.6769126],[91.8408034,31.6761865],[91.839515,31.6756957],[91.8382091,31.6749426],[91.836867,31.6745],[91.8320539,31.6731885],[91.8314361,31.6728935],[91.8309312,31.6725796],[91.8287206,31.6708686],[91.8269596,31.6696127],[91.8259275,31.6688873],[91.8254707,31.6686256],[91.8251599,31.6685],[91.82485,31.6684042],[91.8244985,31.668336],[91.8241473,31.6682917],[91.8184423,31.6678249],[91.8178428,31.6676854],[91.8174829,31.6675444],[91.8170813,31.667325],[91.8126738,31.6649081],[91.8117661,31.6645898],[91.810167,31.66425],[91.7901527,31.6599711],[91.78941,31.6597509],[91.7888389,31.659488],[91.7848544,31.6571808],[91.7838382,31.6566588],[91.7833718,31.6564824],[91.7828463,31.656369],[91.781383,31.656183],[91.7789473,31.6559195],[91.7783046,31.6558232],[91.7778393,31.6557213],[91.7773389,31.6555251],[91.7768507,31.6552362],[91.7701442,31.6508765],[91.7696113,31.6506407],[91.7689747,31.650521],[91.7673522,31.650398],[91.7669159,31.6503253],[91.7665218,31.6501986],[91.7660997,31.6500042],[91.764733,31.6489841],[91.7640145,31.6486212],[91.7574145,31.6460402],[91.7558934,31.6454454],[91.7552544,31.6451247],[91.7548144,31.6447084],[91.7544636,31.6442013],[91.754304,31.643742],[91.7542784,31.6434531],[91.7542891,31.6431186],[91.7543535,31.6427045],[91.7545685,31.641552],[91.754633,31.6411075],[91.7546468,31.6408421],[91.7546027,31.6405385],[91.7544549,31.6400941],[91.7542517,31.6397565],[91.7539828,31.6394297],[91.7532672,31.6386227],[91.7527584,31.6381422],[91.7524841,31.6379596],[91.7521901,31.6378228],[91.7517745,31.6376622],[91.7511115,31.6375233],[91.7483672,31.6371991],[91.7476156,31.6371132],[91.7468188,31.6369329],[91.742718,31.6353805],[91.7422003,31.6351824],[91.741879,31.6350494],[91.7416048,31.6348762],[91.741313,31.6346428],[91.7410654,31.6343642],[91.740868,31.6340707],[91.7400361,31.6322118],[91.7398548,31.6318094],[91.739742,31.631527],[91.7396702,31.6312033],[91.7396457,31.6306771],[91.7395763,31.6291182],[91.7395667,31.6282478],[91.7395967,31.627324],[91.7396706,31.6261277],[91.7396968,31.625352],[91.7396917,31.6251574],[91.7396504,31.6248903],[91.739552,31.6246257],[91.7394064,31.6243405],[91.7392562,31.6241172],[91.7391114,31.6238892],[91.7387734,31.6234185],[91.7384697,31.6226967],[91.7384248,31.620807],[91.7384027,31.6202919],[91.7381459,31.6192995],[91.7378276,31.6181371],[91.7374765,31.6167106],[91.73738,31.6162949],[91.7373815,31.6159922],[91.7374583,31.6155529],[91.7375752,31.6152634],[91.7377293,31.6149903],[91.7379059,31.6147719],[91.7382084,31.6145008],[91.7385118,31.614269],[91.753967,31.603517],[91.7656062,31.5954655],[91.771083,31.5917],[91.772487,31.5909717],[91.7735175,31.5906099],[91.7745514,31.5903161],[91.7781014,31.589544],[91.7825859,31.5886038],[91.7838048,31.5883366],[91.7838521,31.5883263],[91.795,31.585883],[91.7995572,31.5849144],[91.8179955,31.5809493],[91.838917,31.57645],[91.8400333,31.5763537],[91.8410161,31.5762688],[91.847217,31.57595],[91.867767,31.575067],[91.8701401,31.5749261],[91.8714543,31.5749284],[91.8726693,31.5749729],[91.8739864,31.5750975],[91.8756686,31.5753513],[91.8783674,31.5758153],[91.8788653,31.5758882],[91.8793293,31.5758882],[91.8798417,31.5758356],[91.892433,31.57395],[91.90115,31.5727],[91.907517,31.571733],[91.9084891,31.571563],[91.9091958,31.5713583],[91.9102575,31.5709774],[91.9109271,31.5706454],[91.9118153,31.5701439],[91.9125538,31.5696657],[91.9133721,31.5691357],[91.9140559,31.5687806],[91.9149083,31.5684651],[91.9159718,31.5681919],[91.9177973,31.5677543],[91.9184449,31.5675961],[91.9190927,31.5674593],[91.9198235,31.5673317],[91.920617,31.567217],[91.9250302,31.5666718],[91.9291868,31.5662218],[91.9295765,31.5661234],[91.9299703,31.5659705],[91.9303007,31.5657669],[91.9305635,31.5655612],[91.9311268,31.565063],[91.932146,31.5641717],[91.9326616,31.5638464],[91.9373792,31.561781],[91.9378484,31.5614841],[91.9382724,31.5611092],[91.943726,31.5558476],[91.9441664,31.5554045],[91.9446239,31.5549606],[91.9449268,31.5547394],[91.9453412,31.5545314],[91.94715,31.553733],[91.95075,31.552167],[91.952967,31.55065],[91.954967,31.549083],[91.9553994,31.5487898],[91.9559144,31.5485795],[91.956667,31.548383],[91.9589955,31.5480764],[91.965733,31.547083],[91.9663941,31.5468406],[91.9668619,31.5465108],[91.9686296,31.54445],[91.9690787,31.5440741],[91.9696208,31.5438216],[91.9728707,31.5430323],[91.9734708,31.5429495],[91.9741733,31.5429227],[91.9859972,31.5438797],[91.9864715,31.5439004],[91.9869044,31.54384],[91.9872829,31.5437175],[91.9877332,31.5435109],[91.9883209,31.5431461],[91.9885006,31.543018],[91.9895371,31.5423604],[91.9901421,31.5421425],[91.99085,31.541967],[91.9936374,31.5413421],[92.0069262,31.5381546],[92.0145265,31.536363],[92.0146409,31.5363357],[92.0223934,31.5344878],[92.023098,31.5343201],[92.0236904,31.5341465],[92.0237811,31.5341199],[92.0242101,31.5339707],[92.0257516,31.53342],[92.0270729,31.5329322],[92.027174,31.5328949],[92.0283184,31.5324725],[92.0293409,31.5321116],[92.0295163,31.5320598],[92.0301011,31.531887],[92.0303128,31.5318245],[92.0310594,31.5316526],[92.0340292,31.5309859],[92.0345732,31.5308716],[92.0348552,31.5307788],[92.0351335,31.5306486],[92.0353794,31.5304951],[92.035584,31.5303396],[92.0358495,31.5301035],[92.0364894,31.5293667],[92.0370422,31.5287374],[92.0372812,31.5284654],[92.037333,31.5284117],[92.0375764,31.5281595],[92.0378302,31.5279532],[92.0381242,31.527763],[92.0386715,31.5275118],[92.0390798,31.5273453],[92.039651,31.5270996],[92.0457221,31.524488],[92.0460551,31.5243431],[92.0476975,31.5236282],[92.0481717,31.5234837],[92.0518143,31.5218989],[92.0549715,31.5205745],[92.0580159,31.5192675],[92.0591776,31.5187446],[92.0595151,31.5185603],[92.0598516,31.5183434],[92.0601431,31.5181065],[92.0604556,31.5177856],[92.0607747,31.5173649],[92.0610259,31.516955],[92.0614808,31.5160605],[92.0621176,31.5148135],[92.0626293,31.5137891],[92.0629392,31.5131287],[92.0633587,31.5121066],[92.0636253,31.5112885],[92.0640429,31.5095886],[92.0641946,31.5088074],[92.0642505,31.5084274],[92.0643319,31.5078578],[92.0645935,31.5051962],[92.0646233,31.5047602],[92.064668,31.50414],[92.0646779,31.5035187],[92.064642,31.5026437],[92.064573,31.5019605],[92.0644186,31.5011096],[92.0639606,31.4994198],[92.0634733,31.4978179],[92.0627843,31.4954521]]}},{"type":"Feature","properties":{"id":"qingkang","name":"青康走廊 · 共和—玉树","start":"共和","end":"玉树","roadRef":"G214","sourceVersion":"Geofabrik China Qinghai/Tibet 2026-09-25; OSM way versions recorded in route-evidence.json","lengthKm":674.9,"sourceKind":"public-geography"},"geometry":{"type":"LineString","coordinates":[[100.6243067,36.280754],[100.6242097,36.2816126],[100.6242115,36.2822758],[100.6242926,36.2828058],[100.6244829,36.2833456],[100.6253249,36.2858614],[100.6254695,36.2861309],[100.6259826,36.2866381],[100.6269481,36.2874366],[100.6274987,36.2878331],[100.6285901,36.2891726],[100.629085,36.2895586],[100.6308276,36.2905396],[100.631464,36.2909703],[100.6318682,36.2913201],[100.6323737,36.2917812],[100.6327563,36.2921864],[100.633775,36.2935753],[100.633824,36.2936317],[100.6354851,36.2959655],[100.634484,36.2953221],[100.6336051,36.2949624],[100.6330778,36.2948218],[100.6328608,36.2947904],[100.6286103,36.2941758],[100.628024,36.294091],[100.6273536,36.293992],[100.6271637,36.293964],[100.627059,36.2939501],[100.624709,36.2935826],[100.6228226,36.2932955],[100.6189055,36.2927062],[100.616845,36.2923801],[100.6166816,36.2923496],[100.6155517,36.2921903],[100.6151931,36.2921344],[100.6130815,36.2918345],[100.6120308,36.2916649],[100.6110631,36.2913205],[100.6106242,36.2911021],[100.6103483,36.2909647],[100.6101788,36.2908804],[100.6082885,36.2899394],[100.6080522,36.2898218],[100.6074104,36.2895023],[100.6073641,36.2894793],[100.6056595,36.2886438],[100.6048391,36.2880459],[100.6043037,36.2874876],[100.6038763,36.2866759],[100.6037338,36.28607],[100.6037093,36.2854484],[100.6039858,36.2821108],[100.604049,36.2813845],[100.6046967,36.2727207],[100.6047389,36.2722174],[100.6052125,36.266566],[100.6052419,36.2659125],[100.6051879,36.2653263],[100.6051215,36.2650716],[100.6050258,36.2647044],[100.6041757,36.2626142],[100.6034342,36.2607911],[100.6032917,36.2603474],[100.6032279,36.2598562],[100.6032868,36.2593175],[100.6033844,36.258649],[100.6040211,36.2560794],[100.6042504,36.2551884],[100.6045466,36.2540269],[100.6046308,36.2536685],[100.6046644,36.2533684],[100.6046053,36.2530024],[100.6045107,36.252573],[100.6044674,36.2524421],[100.6035984,36.249818],[100.6032762,36.248918],[100.6027582,36.247621],[100.6019448,36.2460482],[100.6014652,36.2451289],[100.6012404,36.2446905],[100.6011842,36.244588],[100.6009561,36.2441716],[100.6007055,36.2437079],[100.5997752,36.2419112],[100.5986547,36.2403104],[100.5979777,36.23975],[100.5973072,36.239435],[100.5967796,36.2391807],[100.5952139,36.2387808],[100.593091,36.2381744],[100.5921292,36.2380206],[100.5912293,36.2379524],[100.5891776,36.2379033],[100.5875904,36.2378243],[100.5869826,36.2378041],[100.5860777,36.2377416],[100.5853443,36.2376277],[100.5840911,36.2373307],[100.5770652,36.2354788],[100.575225,36.2351534],[100.5747134,36.2350413],[100.5728387,36.234276],[100.5722246,36.2340934],[100.5687808,36.2333201],[100.5641188,36.232491],[100.5605681,36.2318421],[100.5571456,36.2312709],[100.555708,36.2310286],[100.5538197,36.2306132],[100.55079,36.2299598],[100.5480213,36.2293616],[100.5467832,36.2290402],[100.5461751,36.2287855],[100.5459958,36.2287015],[100.5457647,36.2285621],[100.545532,36.2284064],[100.5452911,36.2282099],[100.5450901,36.2280112],[100.5449058,36.2277834],[100.5447812,36.2276082],[100.5446886,36.2274455],[100.5445676,36.2272034],[100.5445001,36.2270132],[100.5443637,36.2264352],[100.5443547,36.2261171],[100.5443469,36.2243355],[100.5443235,36.2240433],[100.5442773,36.2237223],[100.544213,36.2234428],[100.5441106,36.2230222],[100.5440454,36.2228311],[100.543933,36.222526],[100.5438118,36.2222614],[100.5436825,36.2219898],[100.5435042,36.221656],[100.5402858,36.2161113],[100.538256,36.2126143],[100.5346129,36.2063372],[100.5341388,36.2056813],[100.5335193,36.2050873],[100.528199,36.2007641],[100.5270553,36.199832],[100.5264205,36.1988854],[100.5257811,36.1973691],[100.5171702,36.1760888],[100.5165862,36.1749248],[100.5157992,36.1739618],[100.4956922,36.1572488],[100.4900842,36.1526109],[100.4799002,36.1441878],[100.4560902,36.1234507],[100.4539582,36.1215027],[100.4495882,36.1172817],[100.4489037,36.1167574],[100.448216,36.1163792],[100.4476396,36.1162267],[100.4471133,36.1161487],[100.4463347,36.1161747],[100.4446002,36.11663],[100.4436334,36.1167844],[100.4424617,36.1167667],[100.4310001,36.115782],[100.429994,36.115606],[100.4289424,36.1153259],[100.4279105,36.1149444],[100.427058,36.1144672],[100.409437,36.1041321],[100.3730904,36.08245],[100.3222312,36.0519875],[100.3207452,36.0510555],[100.3199852,36.0503705],[100.3194302,36.0496055],[100.3191542,36.0489205],[100.3190332,36.0483735],[100.3189852,36.0478145],[100.3190082,36.0470255],[100.3191722,36.0438385],[100.3191002,36.0431515],[100.3189692,36.0427415],[100.3187332,36.0422855],[100.3184432,36.0418845],[100.3178262,36.0412375],[100.3163222,36.0399245],[100.3159192,36.0396225],[100.3149812,36.0390445],[100.3137462,36.0384535],[100.2772254,36.0237393],[100.2540874,36.0144156],[100.2269793,36.0032757],[100.2131909,35.9976632],[100.2095461,35.9962022],[100.2094538,35.9961653],[100.2082951,35.9957008],[100.2059522,35.994798],[100.1958373,35.9906163],[100.1836978,35.985621],[100.1624372,35.9768113],[100.1608082,35.9760393],[100.1595912,35.9753763],[100.1484722,35.9687453],[100.1466412,35.9677123],[100.1458992,35.9674223],[100.1450102,35.9671923],[100.1363602,35.9659913],[100.1352342,35.9657823],[100.1341732,35.9654443],[100.1333882,35.9650563],[100.1326712,35.9645463],[100.1320342,35.9639013],[100.1315702,35.9632113],[100.1310902,35.9621893],[100.1281822,35.9553523],[100.1275692,35.9543063],[100.1271312,35.9537803],[100.1230772,35.9494122],[100.1225457,35.9488446],[100.122211,35.9483985],[100.1219252,35.9479523],[100.1216587,35.9474616],[100.1207016,35.9455396],[100.1204522,35.9450537],[100.1201508,35.9446212],[100.1197676,35.9441989],[100.1193483,35.9438209],[100.1188058,35.94346],[100.1177454,35.9428637],[100.116995,35.9424701],[100.1162482,35.9421232],[100.1155215,35.9418319],[100.1146993,35.941571],[100.114,35.941389],[100.1128972,35.9411326],[100.0676992,35.9313762],[100.0672272,35.9312678],[100.0667451,35.9311203],[100.0659706,35.9308568],[100.0613827,35.929187],[100.061124,35.9290793],[100.0608839,35.9289517],[100.0606393,35.9287951],[100.0604133,35.9286126],[100.0602242,35.9284202],[100.0600867,35.9282475],[100.0599454,35.9280288],[100.0598321,35.9277955],[100.059041,35.9260185],[100.0589852,35.9258931],[100.058826,35.9255851],[100.0586639,35.9253266],[100.0584824,35.9250938],[100.0582683,35.924878],[100.058041,35.9247011],[100.0578388,35.9245737],[100.0575975,35.9244438],[100.057278,35.9243213],[100.0570001,35.9242441],[100.0567038,35.924192],[100.0563748,35.9241686],[100.0560225,35.9241729],[100.0556645,35.9242055],[100.0552467,35.9242832],[100.0543801,35.9244837],[100.0540651,35.9245549],[100.0537406,35.9246007],[100.0534599,35.924617],[100.0531505,35.9246239],[100.0528565,35.9246133],[100.0525826,35.9245835],[100.0523145,35.9245322],[100.0519945,35.9244504],[100.0516651,35.9243496],[100.051294,35.9242238],[100.0417912,35.9208612],[100.0402652,35.9203032],[100.0388682,35.9197092],[100.0216685,35.9118266],[100.0176534,35.9098849],[100.0153563,35.908774],[100.0142839,35.9083002],[100.013637,35.908021],[100.0129787,35.9077573],[100.0125612,35.9076147],[100.0123912,35.9075566],[100.0119382,35.9074305],[100.0112657,35.9072929],[100.0106286,35.9072069],[100.0099774,35.9071496],[100.0089157,35.9070578],[100.008399,35.907012],[100.0080238,35.9069604],[100.0076345,35.9068801],[100.0073089,35.9067654],[100.0070328,35.9066508],[100.0067922,35.9065189],[100.0065373,35.9063698],[100.006309,35.9061991],[100.0061204,35.9060234],[100.0059781,35.9058653],[100.005491,35.9051053],[100.0053061,35.9048357],[100.0050535,35.9045213],[100.0047947,35.9042368],[100.0045297,35.9039872],[100.0042339,35.9037426],[100.003969,35.903543],[100.0037286,35.9033783],[100.0034828,35.9032443],[100.0030323,35.9030239],[99.9985477,35.9009236],[99.9918432,35.8977835],[99.9900753,35.896942],[99.9860342,35.8950488],[99.9823733,35.8933336],[99.9802278,35.8923284],[99.9619701,35.8837739],[99.9608738,35.8832602],[99.9596273,35.8826714],[99.9580099,35.8819161],[99.9572433,35.8815442],[99.9551243,35.8804192],[99.9471949,35.8760477],[99.9432178,35.8738422],[99.9412434,35.8727679],[99.9392377,35.8716452],[99.9362932,35.869968],[99.9336266,35.8683852],[99.9308106,35.8666296],[99.929933,35.8659871],[99.9287513,35.8652355],[99.9285627,35.8651237],[99.9283401,35.8649968],[99.9281363,35.8648594],[99.9278762,35.8646731],[99.9271686,35.8642231],[99.9267528,35.8639666],[99.9264229,35.8637536],[99.9261064,35.8635123],[99.9257339,35.8631982],[99.9252833,35.8628091],[99.9249319,35.8624852],[99.9245028,35.8620743],[99.9242533,35.8618026],[99.9239127,35.8614244],[99.9236498,35.8611375],[99.9234379,35.860881],[99.9231965,35.8605614],[99.9228881,35.8601549],[99.9217186,35.8586202],[99.9214316,35.8582441],[99.921209,35.8579137],[99.9210669,35.8576963],[99.9209167,35.8574572],[99.9208308,35.857305],[99.9207155,35.8570876],[99.9206458,35.8569528],[99.9205841,35.8568028],[99.9204366,35.8564246],[99.9201764,35.8556485],[99.9199511,35.8549746],[99.9196647,35.8540759],[99.9196,35.8538648],[99.9195507,35.8536838],[99.9194999,35.8534753],[99.9194645,35.8533704],[99.9194244,35.8532817],[99.9193751,35.8531931],[99.9193243,35.8531232],[99.9192565,35.8530495],[99.919198,35.8529933],[99.9191348,35.8529471],[99.9190562,35.8528947],[99.9189623,35.8528447],[99.9188575,35.8528073],[99.9187466,35.8527735],[99.918574,35.8527298],[99.9184,35.8526886],[99.9180549,35.8526112],[99.9178176,35.8525575],[99.9176097,35.8525063],[99.9174279,35.8524589],[99.9172708,35.8524089],[99.9171506,35.8523627],[99.9170551,35.8523178],[99.9169565,35.8522566],[99.9168579,35.8521854],[99.9167701,35.8521205],[99.9166977,35.8520531],[99.9166022,35.8519432],[99.9164651,35.8517759],[99.9163033,35.8515699],[99.9158697,35.8509844],[99.9158189,35.850902],[99.9157904,35.8508295],[99.9157843,35.8507537],[99.9157924,35.8506878],[99.9158189,35.8506252],[99.9158677,35.8505643],[99.9159286,35.8505214],[99.9159876,35.8504951],[99.9160628,35.8504769],[99.9161339,35.8504736],[99.9162031,35.8504819],[99.9162986,35.8505017],[99.9164165,35.8505445],[99.9165385,35.8506022],[99.9166503,35.8506582],[99.9168674,35.850761],[99.9175012,35.8510116],[99.9177954,35.8510884],[99.9180596,35.8511207],[99.9183688,35.8511167],[99.9188425,35.8510763],[99.9192115,35.8509793],[99.9195156,35.8508621],[99.9197799,35.8507166],[99.9202087,35.8503367],[99.9210613,35.8496375],[99.922253,35.8486917],[99.9229661,35.84813],[99.9235843,35.8476369],[99.9237738,35.8474671],[99.9238586,35.8473459],[99.9238686,35.8472084],[99.9237838,35.847067],[99.9236691,35.8469781],[99.9235295,35.8469619],[99.9233949,35.8469902],[99.9232652,35.847071],[99.9231356,35.8471842],[99.9226569,35.8476692],[99.9221084,35.8482189],[99.921914,35.8483846],[99.9217395,35.8485099],[99.9214353,35.8486877],[99.9197649,35.8495809],[99.9195605,35.8496456],[99.9194159,35.8496698],[99.9190569,35.8496375],[99.9189073,35.8496011],[99.9187926,35.8495324],[99.9187078,35.8494516],[99.9186081,35.8493303],[99.9185134,35.8491889],[99.9180796,35.8482512],[99.9179543,35.8480537],[99.9178347,35.8479567],[99.9174258,35.8477304],[99.9171516,35.8475445],[99.917007,35.8473383],[99.9169471,35.8471362],[99.916992,35.8468614],[99.9170718,35.8466229],[99.9171565,35.8464451],[99.9173011,35.846239],[99.9175704,35.8460086],[99.9179244,35.8457823],[99.9182286,35.845568],[99.9184031,35.845471],[99.9185776,35.8454104],[99.9187671,35.8453781],[99.9189366,35.8453781],[99.9192707,35.8454266],[99.9195499,35.8454549],[99.9198042,35.8454347],[99.9200037,35.8453821],[99.920141,35.8452932],[99.9202648,35.8451639],[99.920403,35.8449892],[99.9205575,35.8447124],[99.9206052,35.8446024],[99.9206388,35.8444982],[99.9206621,35.8443825],[99.9206713,35.844284],[99.9206839,35.8440122],[99.9207002,35.843452],[99.9207124,35.842783],[99.9207083,35.8423315],[99.9206853,35.8420125],[99.9206532,35.8416472],[99.9205888,35.8412689],[99.9205083,35.8407558],[99.9204654,35.8403274],[99.9204465,35.8398015],[99.9204512,35.8390216],[99.9204652,35.8376435],[99.9204648,35.8374358],[99.9204436,35.8372923],[99.9204047,35.8371575],[99.9203409,35.8370513],[99.9202595,35.8369624],[99.9201357,35.8368792],[99.9199906,35.836796],[99.9198136,35.8367242],[99.9196508,35.8366611],[99.9195482,35.8366009],[99.9194951,35.8365464],[99.919442,35.8364746],[99.9194172,35.8364172],[99.9194066,35.8363513],[99.9194066,35.8362767],[99.9194208,35.8362107],[99.9194561,35.8361475],[99.9195022,35.836093],[99.91958,35.8360213],[99.9197181,35.8359438],[99.9205597,35.8355788],[99.9212191,35.835279],[99.9213393,35.8352291],[99.9214502,35.8351966],[99.9215364,35.8351841],[99.9216412,35.8351816],[99.9217336,35.8351916],[99.9218384,35.8352241],[99.9219308,35.835269],[99.9220109,35.835329],[99.9220664,35.8353814],[99.9221003,35.8354414],[99.9221249,35.8355363],[99.9221403,35.8356662],[99.9221403,35.835861],[99.9221336,35.8359876],[99.9221175,35.8360991],[99.9220815,35.8362217],[99.9219321,35.836569],[99.9219159,35.8366485],[99.92193,35.8367224],[99.9219819,35.8367895],[99.9220676,35.8368266],[99.9221688,35.8368373],[99.922263,35.8368179],[99.9223212,35.8367652],[99.9223469,35.8366978],[99.9224088,35.8361895],[99.9228825,35.8352578],[99.9230667,35.8349093],[99.922979,35.8345536],[99.9229615,35.8343972],[99.922865,35.8342478],[99.9225842,35.8342194],[99.9223123,35.8342265],[99.9220403,35.8343901],[99.9217157,35.8346177],[99.9213209,35.8347741],[99.9209875,35.8347741],[99.9206103,35.8345892],[99.9202769,35.8342194],[99.9194873,35.8330316],[99.9189785,35.831986],[99.9187679,35.8316731],[99.9184784,35.8315237],[99.9182065,35.8315308],[99.9179082,35.8316233],[99.9177239,35.8318295],[99.9176538,35.8322421],[99.917566,35.832868],[99.9175397,35.8331952],[99.917373,35.8334583],[99.91718,35.8335935],[99.916586,35.8337602],[99.9162689,35.8338792],[99.9161048,35.8341077],[99.9162588,35.8343616],[99.9163817,35.8347172],[99.9164431,35.8351724],[99.9164782,35.8359903],[99.9164606,35.8366589],[99.9163904,35.8369789],[99.9161711,35.8374483],[99.915864,35.8378822],[99.9155833,35.8380244],[99.9153201,35.8380387],[99.9150657,35.8379106],[99.9148376,35.8374981],[99.9146709,35.8371425],[99.9143726,35.8368438],[99.9140919,35.8365878],[99.9139164,35.8363388],[99.9138813,35.8359619],[99.9137234,35.8357485],[99.9134339,35.8354996],[99.9129163,35.8351724],[99.9128286,35.8350159],[99.9127847,35.834703],[99.9127321,35.8342122],[99.9126092,35.8339206],[99.9123548,35.8336575],[99.9115038,35.8330173],[99.9109423,35.832619],[99.9106265,35.8322634],[99.910144,35.8315308],[99.9097668,35.8309333],[99.9095825,35.8307697],[99.9092755,35.8307271],[99.9089947,35.8308266],[99.9083192,35.831104],[99.9079332,35.8311183],[99.907591,35.8309902],[99.9070208,35.8306559],[99.9068629,35.8303785],[99.9068102,35.8300016],[99.9068278,35.8295819],[99.9068541,35.8289986],[99.9066523,35.8287639],[99.9064505,35.8287141],[99.9060382,35.8286714],[99.9056171,35.8287426],[99.9052486,35.8286857],[99.9048626,35.8284936],[99.9045468,35.8282945],[99.9040993,35.8281735],[99.9036695,35.8280099],[99.9033185,35.8277539],[99.9030729,35.8275191],[99.902915,35.8273271],[99.9029588,35.8269856],[99.9031782,35.8264451],[99.90338,35.8261605],[99.9036168,35.8260183],[99.9038098,35.8259542],[99.9043362,35.8259614],[99.9048889,35.8260254],[99.9050644,35.8259756],[99.9055732,35.8257337],[99.9059592,35.8253852],[99.9063453,35.8248944],[99.906547,35.8242897],[99.9065383,35.8238843],[99.906354,35.8236211],[99.9061084,35.8233934],[99.9057575,35.8231729],[99.9055294,35.8229738],[99.9054592,35.8227106],[99.9056873,35.8224118],[99.9061961,35.8221628],[99.9070646,35.8216577],[99.9074507,35.8213234],[99.9077314,35.8209962],[99.90767,35.8206974],[99.9075296,35.820548],[99.907205,35.8203275],[99.9056522,35.8197655],[99.904652,35.8194098],[99.9040467,35.8192106],[99.9035642,35.8191893],[99.9034852,35.8193031],[99.9034908,35.8193856],[99.9035455,35.8194879],[99.9042309,35.8196161],[99.9048626,35.8200714],[99.9052135,35.8204769],[99.9053013,35.8207828],[99.9052486,35.8210246],[99.9049854,35.8211954],[99.9043801,35.8213732],[99.9037396,35.8214728],[99.9032834,35.8216435],[99.9030641,35.822113],[99.9029325,35.8227888],[99.9028185,35.8230733],[99.902643,35.8233081],[99.9023623,35.8234077],[99.9019763,35.8233437],[99.9015376,35.8231018],[99.9010726,35.8227106],[99.9007129,35.8224616],[99.9004936,35.8223976],[99.9000462,35.8225398],[99.8995549,35.8227675],[99.8992127,35.8227461],[99.8986425,35.8224545],[99.8977827,35.821921],[99.8974442,35.8216421],[99.8973826,35.8215447],[99.8973518,35.8214448],[99.8973271,35.8213448],[99.8973148,35.8211949],[99.897321,35.8208677],[99.8973055,35.8207503],[99.8972747,35.8206453],[99.8972343,35.8205703],[99.8971455,35.8204756],[99.8970428,35.8203961],[99.89687,35.8202901],[99.8965058,35.8200515],[99.8962069,35.819847],[99.8959874,35.8196615],[99.8958193,35.8195138],[99.895654,35.8193411],[99.8955071,35.8191519],[99.895373,35.8189583],[99.8952594,35.8187526],[99.8948217,35.8178559],[99.8946587,35.817528],[99.894479,35.8171493],[99.8942877,35.8168002],[99.8942245,35.8167145],[99.8941436,35.816649],[99.8940496,35.8165931],[99.893937,35.816541],[99.8938087,35.8165096],[99.8936528,35.8164931],[99.8935054,35.8165056],[99.8933658,35.8165334],[99.8932618,35.8165791],[99.8931324,35.8166828],[99.8929799,35.8168812],[99.8928232,35.8171142],[99.8927633,35.8172333],[99.8925958,35.8174235],[99.8923538,35.8175168],[99.8921156,35.8175291],[99.8918299,35.8175008],[99.891627,35.81735],[99.8915164,35.8171693],[99.891477,35.816899],[99.891513,35.816413],[99.891534,35.816317],[99.891622,35.816035],[99.891792,35.815664],[99.892076,35.815108],[99.892418,35.814722],[99.892842,35.814334],[99.892895,35.814281],[99.893152,35.813952],[99.893198,35.813444],[99.893038,35.813116],[99.892836,35.812788],[99.89251,35.812215],[99.892226,35.811936],[99.891935,35.811759],[99.891575,35.811616],[99.891214,35.811579],[99.891005,35.811632],[99.890721,35.811648],[99.890002,35.811742],[99.889703,35.811883],[99.889489,35.812141],[99.889234,35.812564],[99.888572,35.812801],[99.888057,35.812536],[99.887977,35.812451],[99.887401,35.811863],[99.887143,35.811665],[99.88684,35.811383],[99.886676,35.810979],[99.886735,35.81073],[99.887206,35.810389],[99.88742,35.810341],[99.887954,35.81021],[99.8882277,35.810035],[99.888328,35.809797],[99.888263,35.809369],[99.8863129,35.8059241],[99.8860172,35.8053768],[99.8857584,35.805007],[99.8854873,35.8046772],[99.8852346,35.8044223],[99.8848957,35.8041674],[99.8844582,35.8038925],[99.8838728,35.8035427],[99.8834415,35.8033578],[99.8830163,35.8032129],[99.8824617,35.8030729],[99.8819379,35.802968],[99.8814942,35.802913],[99.8809088,35.802873],[99.8802557,35.802878],[99.8783188,35.8029699],[99.8756218,35.8030979],[99.8750857,35.8030979],[99.8747344,35.8030679],[99.8742723,35.802993],[99.8736869,35.802868],[99.8714808,35.8023283],[99.871068,35.8022383],[99.8706551,35.8021583],[99.8702299,35.8021034],[99.8697801,35.8020734],[99.8692994,35.8020684],[99.8687572,35.8021084],[99.8624099,35.8028286],[99.8610194,35.8030163],[99.8580923,35.8034697],[99.855836,35.803888],[99.854585,35.804103],[99.85339,35.804459],[99.7856589,35.8352397],[99.779916,35.837849],[99.761427,35.846191],[99.759388,35.847148],[99.7481446,35.8522252],[99.7219983,35.8640309],[99.6935435,35.8768769],[99.69172,35.8777],[99.6915347,35.8777863],[99.6911873,35.877948],[99.690762,35.87826],[99.6898124,35.8790636],[99.684818,35.883594],[99.6844688,35.8838147],[99.683964,35.883932],[99.682333,35.884311],[99.681125,35.885012],[99.68044,35.885468],[99.6798,35.886177],[99.679242,35.886688],[99.6789,35.886903],[99.677475,35.887689],[99.6772894,35.8877528],[99.6770804,35.8877505],[99.676776,35.8876947],[99.6766509,35.8875973],[99.6765097,35.8874709],[99.6764203,35.8872872],[99.6764221,35.8869774],[99.676497,35.886697],[99.677811,35.885596],[99.678004,35.885116],[99.678031,35.884616],[99.678289,35.88386],[99.678607,35.883461],[99.680135,35.881972],[99.681285,35.881041],[99.6818835,35.8805449],[99.6825961,35.8798523],[99.683986,35.8780372],[99.68418,35.8777109],[99.684302,35.877256],[99.6842827,35.8769619],[99.6842108,35.8766956],[99.6841081,35.8764126],[99.6838676,35.8761193],[99.6724986,35.8639622],[99.6676546,35.8588689],[99.667171,35.8582586],[99.6602938,35.8437093],[99.65233,35.826858],[99.649616,35.820956],[99.649192,35.820098],[99.6486,35.819205],[99.648372,35.818967],[99.6416174,35.8125056],[99.6407704,35.811708],[99.6400509,35.811095],[99.6389216,35.8103859],[99.6367813,35.8092781],[99.6353515,35.8085542],[99.634393,35.808228],[99.6314554,35.8072637],[99.6309085,35.8070921],[99.6304913,35.8069699],[99.6300135,35.8068612],[99.629253,35.806739],[99.628524,35.806702],[99.6237914,35.8066402],[99.6228117,35.8066548],[99.618227,35.806671],[99.616666,35.806605],[99.615688,35.80643],[99.614862,35.806203],[99.61441,35.806018],[99.614011,35.805967],[99.6118945,35.8053792],[99.6113167,35.8052188],[99.610511,35.804995],[99.609392,35.80452],[99.601233,35.799155],[99.59876,35.7980521],[99.5976664,35.7974378],[99.5974682,35.7973086],[99.5973443,35.7972139],[99.5972665,35.7971306],[99.5972098,35.7970531],[99.5971745,35.7969641],[99.5971603,35.7968694],[99.5971638,35.7967259],[99.5971745,35.7965737],[99.5971992,35.7964446],[99.5972382,35.7962895],[99.5974328,35.7956838],[99.597454,35.7955633],[99.5974647,35.7954657],[99.5974505,35.7953681],[99.5974187,35.7952676],[99.5973797,35.795193],[99.5973231,35.7951183],[99.5972346,35.7950379],[99.5971214,35.794969],[99.5969819,35.7949063],[99.5954735,35.7943684],[99.5948379,35.7941321],[99.5925531,35.7930967],[99.5899675,35.7919293],[99.5897073,35.7918172],[99.5894837,35.7917446],[99.5892723,35.7916852],[99.5890568,35.7916325],[99.5888251,35.7915995],[99.5885609,35.7915764],[99.5883738,35.7915731],[99.5881706,35.791583],[99.5879754,35.7916061],[99.5877762,35.791649],[99.5875689,35.791705],[99.5873128,35.7917908],[99.5870932,35.7918765],[99.5869143,35.791959],[99.5867111,35.7920546],[99.5865159,35.7921601],[99.5863574,35.7922557],[99.5862313,35.7923382],[99.5861134,35.792447],[99.5860037,35.7925591],[99.5855118,35.7931098],[99.5853166,35.7932879],[99.5851215,35.7934396],[99.5849141,35.7935748],[99.584658,35.7937331],[99.5845198,35.7938056],[99.5843531,35.7938716],[99.5841905,35.7939079],[99.5839719,35.7939253],[99.5814605,35.7940611],[99.5809247,35.7940735],[99.5800987,35.793905],[99.5797591,35.7937695],[99.5794881,35.7936414],[99.5792242,35.7934816],[99.5789159,35.7932614],[99.57835,35.792733],[99.5754776,35.7894492],[99.5742486,35.7882001],[99.5735295,35.7874607],[99.5732293,35.7871972],[99.5728407,35.7869471],[99.5724118,35.7867498],[99.570156,35.7860954],[99.5696865,35.7859621],[99.5684616,35.7856323],[99.567789,35.785449],[99.566829,35.784949],[99.560745,35.781277],[99.559793,35.780594],[99.559283,35.780049],[99.558796,35.779256],[99.5583738,35.778362],[99.554393,35.769933],[99.5541584,35.7693858],[99.5539916,35.7687755],[99.553894,35.768164],[99.552193,35.751493],[99.551629,35.745499],[99.5516866,35.7444667],[99.551699,35.744244],[99.552252,35.739255],[99.552274,35.738231],[99.55196,35.737362],[99.551589,35.7366598],[99.5512132,35.7359483],[99.5509268,35.7354142],[99.5506995,35.734872],[99.549041,35.730273],[99.548705,35.729473],[99.5462875,35.7242556],[99.5460697,35.72367],[99.5459625,35.723174],[99.5459469,35.7226559],[99.546268,35.720871],[99.546372,35.719932],[99.54612,35.716311],[99.546219,35.715926],[99.546555,35.715467],[99.548113,35.714465],[99.548827,35.713937],[99.550426,35.712529],[99.551134,35.711742],[99.553963,35.707132],[99.554201,35.70655],[99.554235,35.705786],[99.553863,35.704935],[99.553111,35.703934],[99.552452,35.70291],[99.551649,35.701388],[99.551396,35.70072],[99.551321,35.699789],[99.551503,35.699025],[99.551778,35.69826],[99.55171,35.697672],[99.551264,35.69728],[99.549582,35.696651],[99.549078,35.696387],[99.548555,35.695897],[99.544397,35.690807],[99.543917,35.689893],[99.543631,35.688735],[99.540359,35.673178],[99.540091,35.672481],[99.538787,35.670177],[99.538326,35.669259],[99.5382072,35.6684119],[99.5386589,35.6642348],[99.53969,35.651266],[99.5398989,35.649137],[99.5400666,35.6473386],[99.5401517,35.6464416],[99.5403094,35.6457451],[99.5404394,35.6453441],[99.5405769,35.6449816],[99.540693,35.6445992],[99.542085,35.640429],[99.542434,35.63984],[99.543521,35.638508],[99.543814,35.637819],[99.544151,35.636658],[99.544879,35.633937],[99.545733,35.626932],[99.545714,35.626465],[99.545615,35.626054],[99.5454726,35.6257558],[99.545424,35.625654],[99.545109,35.625204],[99.538964,35.618679],[99.538302,35.617908],[99.537647,35.617271],[99.537336,35.616936],[99.537281,35.616805],[99.536905,35.616468],[99.534808,35.614241],[99.533721,35.613065],[99.533431,35.61269],[99.5295,35.604988],[99.529178,35.604152],[99.528427,35.601229],[99.528423,35.600966],[99.528263,35.600637],[99.528257,35.600306],[99.523979,35.581698],[99.523856,35.580648],[99.524435,35.574725],[99.524533,35.573282],[99.524428,35.5727],[99.522951,35.56847],[99.522689,35.567884],[99.522349,35.567416],[99.520182,35.565072],[99.519925,35.564652],[99.51918,35.562809],[99.518945,35.562413],[99.515995,35.55832],[99.515286,35.556889],[99.514057,35.554789],[99.511475,35.551217],[99.506109,35.542348],[99.505603,35.541446],[99.505342,35.540846],[99.505289,35.54018],[99.5055436,35.5391853],[99.5056821,35.5385686],[99.5057381,35.5383054],[99.5057889,35.5380378],[99.5060534,35.5366431],[99.5061024,35.5363892],[99.5061218,35.5362704],[99.5061437,35.5361552],[99.506187,35.5360086],[99.5062421,35.5358859],[99.5063044,35.5357864],[99.5063912,35.5356841],[99.5064725,35.5356033],[99.5065853,35.5355242],[99.506706,35.5354561],[99.5068881,35.5353969],[99.5070968,35.5353522],[99.5072448,35.5353274],[99.5073521,35.5353164],[99.5074572,35.5353254],[99.507564,35.5353507],[99.5076851,35.535393],[99.5078605,35.535464],[99.5079842,35.5355441],[99.5080679,35.5356085],[99.5081407,35.5356726],[99.5082801,35.535833],[99.508944,35.536653],[99.5093874,35.537191],[99.5095082,35.5372988],[99.5096282,35.5373654],[99.5098085,35.5374255],[99.509968,35.5374327],[99.5101004,35.53742],[99.5102764,35.5373614],[99.5103883,35.5372942],[99.5105106,35.5371919],[99.5105804,35.5370731],[99.5106347,35.5369574],[99.5106472,35.5368776],[99.5106505,35.5367579],[99.5106348,35.5366346],[99.5105031,35.5357734],[99.5104638,35.5353126],[99.5103592,35.5342483],[99.5103515,35.5341984],[99.51032,35.5339942],[99.510116,35.532674],[99.510222,35.532106],[99.510291,35.531981],[99.510826,35.530674],[99.510958,35.53049],[99.511907,35.528329],[99.512905,35.52351],[99.513017,35.52317],[99.513111,35.522537],[99.513076,35.522087],[99.512857,35.521323],[99.512598,35.519811],[99.512055,35.51882],[99.511409,35.517838],[99.510522,35.516646],[99.509935,35.516089],[99.5090831,35.5157485],[99.5089264,35.5156745],[99.5088174,35.5155877],[99.5087651,35.5154971],[99.5087515,35.5153954],[99.5087561,35.5152882],[99.5088098,35.5152187],[99.5089345,35.5151708],[99.5090142,35.5151614],[99.509366,35.515251],[99.511269,35.515907],[99.511639,35.516081],[99.512323,35.516529],[99.5127233,35.5165952],[99.5129311,35.5165425],[99.5130855,35.5164639],[99.5131287,35.5164242],[99.5131775,35.5163521],[99.5132093,35.5162735],[99.5132161,35.5161829],[99.5131707,35.5160748],[99.5130821,35.5159528],[99.511644,35.514889],[99.50799,35.511605],[99.507777,35.511329],[99.507603,35.510777],[99.507674,35.510315],[99.508138,35.508544],[99.508262,35.508252],[99.509813,35.502858],[99.5101,35.501651],[99.510169,35.500816],[99.510159,35.499711],[99.510083,35.497608],[99.509687,35.496851],[99.509307,35.496413],[99.509046,35.496198],[99.508808,35.496043],[99.506299,35.494381],[99.503113,35.492645],[99.500817,35.491322],[99.5007378,35.4911895],[99.5007428,35.4910431],[99.5007976,35.4909122],[99.5008898,35.4908162],[99.5010416,35.4907609],[99.5013703,35.4907916],[99.502092,35.491252],[99.503162,35.491518],[99.50461,35.491481],[99.50582,35.491629],[99.5074462,35.4919243],[99.5077963,35.491935],[99.5079603,35.4918821],[99.5080606,35.4918025],[99.5080967,35.4916864],[99.5080907,35.4914942],[99.5080105,35.491382],[99.5078726,35.4913044],[99.5076741,35.4912396],[99.506371,35.491027],[99.505631,35.49065],[99.505055,35.490268],[99.504661,35.490172],[99.5041537,35.4901247],[99.5039699,35.490094],[99.5038526,35.4900437],[99.5037678,35.4899766],[99.5037113,35.4899096],[99.5036818,35.4898415],[99.5036889,35.48976],[99.5037309,35.4896534],[99.5038379,35.4895543],[99.5039829,35.489491],[99.505471,35.48963],[99.505721,35.489625],[99.506055,35.489551],[99.50646,35.489183],[99.506486,35.488731],[99.506336,35.48852],[99.503718,35.485871],[99.503168,35.485446],[99.500738,35.483846],[99.500018,35.483458],[99.498617,35.482931],[99.498175,35.482649],[99.497713,35.48228],[99.496869,35.481565],[99.496535,35.481209],[99.495998,35.480085],[99.495471,35.479517],[99.4945188,35.4785178],[99.4938812,35.4779724],[99.4934797,35.4777897],[99.4929378,35.4775266],[99.4925722,35.4772894],[99.4922938,35.4770362],[99.4919782,35.4766298],[99.4918584,35.4762633],[99.4917309,35.4754919],[99.4915624,35.4741198],[99.4914303,35.4731185],[99.4912573,35.4719578],[99.4912209,35.4714979],[99.4912573,35.4707339],[99.4914804,35.4697956],[99.4914895,35.4693951],[99.4913711,35.4686088],[99.4911343,35.4681267],[99.4908793,35.467652],[99.4908201,35.4672774],[99.4909112,35.4666543],[99.4909932,35.4657679],[99.4909203,35.4654267],[99.4908019,35.4650706],[99.4904513,35.4648036],[99.4898411,35.4643771],[99.4895405,35.4641582],[99.4893174,35.4638764],[99.4886207,35.4629343],[99.4882974,35.4624336],[99.4881334,35.4620404],[99.4880697,35.4616843],[99.4881425,35.461217],[99.4883474,35.4605086],[99.4884522,35.4601488],[99.4884658,35.4599559],[99.4884294,35.4597037],[99.4883383,35.459496],[99.4881425,35.4593031],[99.4878739,35.4591436],[99.4871771,35.4589322],[99.4868538,35.4587801],[99.4866443,35.4586021],[99.4864759,35.4583647],[99.4864303,35.4580976],[99.4864941,35.457786],[99.4871862,35.4560909],[99.4873183,35.4556977],[99.4873547,35.455349],[99.4872819,35.4551191],[99.4870678,35.4548334],[99.4866352,35.4546257],[99.486189,35.4545515],[99.4853556,35.4545738],[99.4846635,35.4545923],[99.4841489,35.4543994],[99.4838301,35.4541064],[99.4837709,35.4539209],[99.4837436,35.4534127],[99.4837937,35.4527599],[99.4837501,35.4518252],[99.478466,35.436568],[99.478392,35.436389],[99.478035,35.435526],[99.47774,35.435131],[99.476967,35.434579],[99.474933,35.433622],[99.474233,35.432924],[99.472361,35.43004],[99.467928,35.422258],[99.466971,35.42067],[99.465455,35.418428],[99.464675,35.41684],[99.4637337,35.4142289],[99.4633421,35.4136165],[99.4624475,35.412977],[99.4621767,35.4127625],[99.4619805,35.4124852],[99.4618867,35.4122333],[99.4617825,35.4117984],[99.4615947,35.4113065],[99.4612598,35.4108726],[99.4607719,35.4104253],[99.4529964,35.4037031],[99.4527268,35.4035461],[99.4524747,35.4034455],[99.4520456,35.4033756],[99.451611,35.4033646],[99.4511119,35.4033046],[99.4499961,35.4030905],[99.4497201,35.403087],[99.4495385,35.4031291],[99.4493178,35.4032269],[99.4491772,35.4033374],[99.4491085,35.4034783],[99.4489813,35.4038313],[99.4488618,35.4039768],[99.4486365,35.4041219],[99.4471044,35.4045049],[99.4468561,35.4045407],[99.4467375,35.4045365],[99.4466039,35.4045177],[99.4464002,35.4044576],[99.4462922,35.404379],[99.4461975,35.4042677],[99.4461393,35.4041757],[99.4461013,35.4040442],[99.4460937,35.4039462],[99.4461231,35.4038443],[99.4461608,35.4037429],[99.4462419,35.4036224],[99.4464582,35.4033777],[99.4466248,35.4032247],[99.446716,35.4030651],[99.4467562,35.4029055],[99.446773,35.4027239],[99.4467643,35.4026126],[99.4467247,35.4025053],[99.4466677,35.4024092],[99.4465534,35.4023002],[99.446429,35.40223],[99.4462945,35.4021862],[99.4461185,35.402162],[99.4459006,35.4021687],[99.4455342,35.4022002],[99.4448531,35.4022829],[99.4441679,35.4024093],[99.4406894,35.4028046],[99.4403583,35.4028398],[99.4353197,35.4034154],[99.4343924,35.4035228],[99.4338875,35.4035974],[99.4335621,35.4037215],[99.4332557,35.4038972],[99.4329613,35.4041642],[99.4314612,35.4059268],[99.4311921,35.4062411],[99.4306138,35.4069049],[99.4305296,35.4070016],[99.4301249,35.4074939],[99.4298986,35.4077134],[99.4297305,35.4078215],[99.4294742,35.4078926],[99.4292415,35.4079281],[99.4289714,35.4079229],[99.4287158,35.4078636],[99.4284997,35.4077564],[99.4282766,35.4075307],[99.4276416,35.4066757],[99.426466,35.4048942],[99.4262663,35.4046806],[99.4260056,35.4044487],[99.4255533,35.4041469],[99.4249297,35.4038333],[99.4243495,35.4036768],[99.4238362,35.4036093],[99.423328,35.40357],[99.4228812,35.403603],[99.422533,35.4036802],[99.4220762,35.403817],[99.4216666,35.4039519],[99.4213161,35.4041552],[99.4209454,35.4044653],[99.4206049,35.4048604],[99.4204499,35.4050571],[99.4203245,35.4052538],[99.4201575,35.4055991],[99.4200187,35.4060801],[99.4199991,35.406943],[99.4199265,35.4074437],[99.4197707,35.4076976],[99.419537,35.407994],[99.419053,35.408697],[99.41848,35.409056],[99.413145,35.411398],[99.412372,35.411685],[99.411653,35.411839],[99.408776,35.412178],[99.40784,35.412462],[99.407058,35.4128],[99.404121,35.414147],[99.402992,35.41475],[99.4001233,35.416381],[99.3998028,35.4165546],[99.3994938,35.4167043],[99.3991858,35.4168412],[99.3987736,35.4170072],[99.3943907,35.4186846],[99.3938279,35.4189279],[99.3934488,35.4190997],[99.3929693,35.419339],[99.392557,35.4195742],[99.3871837,35.4230189],[99.3865808,35.4233769],[99.3861141,35.4236217],[99.3857385,35.4238009],[99.3854596,35.4239058],[99.3850304,35.4240588],[99.3846496,35.4241681],[99.384199,35.424273],[99.3837752,35.4243604],[99.3833567,35.4244653],[99.3829598,35.4245659],[99.3827291,35.4246315],[99.382285,35.424801],[99.380947,35.425249],[99.38033,35.425429],[99.379699,35.425456],[99.378689,35.425291],[99.377466,35.425212],[99.376915,35.425045],[99.375665,35.424079],[99.374639,35.423612],[99.373178,35.423258],[99.37144,35.422965],[99.370687,35.42293],[99.369457,35.42297],[99.368876,35.42302],[99.368428,35.423146],[99.367408,35.423288],[99.366954,35.423307],[99.366468,35.423279],[99.365351,35.422988],[99.364586,35.42293],[99.363872,35.423045],[99.361903,35.423713],[99.361566,35.423776],[99.361117,35.423705],[99.360624,35.423425],[99.3594229,35.4226498],[99.3588299,35.4222613],[99.358109,35.4217876],[99.357495,35.421313],[99.3571842,35.4210059],[99.3569466,35.4206781],[99.3568126,35.4203865],[99.3567658,35.4201185],[99.3567436,35.4197943],[99.3566303,35.4193708],[99.3564749,35.4189514],[99.3562604,35.4186124],[99.355192,35.417545],[99.354675,35.4165807],[99.3544828,35.4162359],[99.3542864,35.4159575],[99.3540651,35.4157715],[99.3538115,35.4155884],[99.3534696,35.4154379],[99.3528209,35.4150703],[99.3526171,35.4149382],[99.3524477,35.4147712],[99.352289,35.414549],[99.3518947,35.4137771],[99.3516801,35.4135226],[99.351463,35.413313],[99.350666,35.412674],[99.349694,35.411595],[99.348346,35.410318],[99.348031,35.409964],[99.347712,35.409469],[99.346495,35.406636],[99.34629,35.40621],[99.346034,35.405833],[99.345636,35.405458],[99.345167,35.405171],[99.344792,35.405006],[99.34391,35.404848],[99.343021,35.404831],[99.342588,35.404771],[99.342166,35.404671],[99.341514,35.404322],[99.3393861,35.4025857],[99.3387202,35.4020965],[99.3374,35.401221],[99.336712,35.400727],[99.33632,35.400286],[99.3346869,35.3982088],[99.3343526,35.397806],[99.3343059,35.3977641],[99.3342653,35.3977305],[99.3342185,35.3977073],[99.3341636,35.397694],[99.3340884,35.3976791],[99.3340315,35.3976808],[99.3339543,35.397694],[99.3339014,35.3977155],[99.3338465,35.397747],[99.3337937,35.3977918],[99.3337489,35.3978498],[99.3337164,35.3979094],[99.3337022,35.397974],[99.3337002,35.3980817],[99.3337388,35.3986716],[99.3338945,35.4006667],[99.3339741,35.4009698],[99.3341556,35.401345],[99.3340804,35.4014893],[99.3338502,35.401565],[99.333584,35.401381],[99.333193,35.400816],[99.332964,35.400239],[99.332863,35.399546],[99.332711,35.399231],[99.332247,35.39862],[99.331898,35.397873],[99.331594,35.397672],[99.331131,35.397665],[99.330689,35.397731],[99.329908,35.397872],[99.329558,35.39798],[99.328536,35.39857],[99.326333,35.399318],[99.325966,35.399218],[99.325761,35.398962],[99.325533,35.3982703],[99.3253541,35.3981033],[99.3251401,35.3979992],[99.3248968,35.3979551],[99.3243912,35.3979744],[99.3236491,35.3980013],[99.3232871,35.3979729],[99.3227974,35.3978724],[99.3217165,35.3976814],[99.3210158,35.3975437],[99.3205738,35.3975389],[99.3201166,35.397633],[99.3189477,35.3978609],[99.318625,35.398117],[99.3180964,35.3985492],[99.317257,35.3993536],[99.316179,35.400243],[99.3145133,35.4017745],[99.3143393,35.401874],[99.3142046,35.401913],[99.3139976,35.4019151],[99.3138126,35.4018692],[99.3135611,35.4017512],[99.3129874,35.4014176],[99.3128657,35.4013008],[99.312804,35.4011868],[99.3127853,35.4010297],[99.312809,35.400866],[99.312847,35.4007061],[99.312914,35.4005334],[99.3131574,35.3999888],[99.313193,35.399825],[99.3132037,35.399696],[99.3131924,35.3994813],[99.313062,35.3986987],[99.3130079,35.3985591],[99.3129129,35.3984393],[99.3127719,35.3983601],[99.3125895,35.3982967],[99.3123159,35.3982071],[99.3120798,35.3980868],[99.31188,35.3979528],[99.3117392,35.3978135],[99.311629,35.3976339],[99.3113503,35.3971401],[99.3112238,35.396937],[99.3110687,35.3967837],[99.3108799,35.3966255],[99.3106641,35.3964793],[99.3104893,35.3963683],[99.3102559,35.3962524],[99.3099733,35.3961478],[99.3093708,35.395966],[99.309186,35.3958742],[99.3090355,35.3957496],[99.3089504,35.3956443],[99.3088719,35.3955025],[99.3088241,35.3953278],[99.3087539,35.3943655],[99.3087602,35.3942126],[99.3087941,35.3940441],[99.3088773,35.3938757],[99.3090137,35.3937222],[99.3095373,35.3932285],[99.3096042,35.3930973],[99.3096176,35.3929465],[99.3095732,35.3927844],[99.309175,35.3919385],[99.309136,35.391822],[99.3091401,35.391652],[99.3091723,35.3915099],[99.3094084,35.3908364],[99.3094271,35.3906899],[99.3093891,35.3905507],[99.3092895,35.3904452],[99.308309,35.39029],[99.307959,35.390146],[99.3075954,35.3896688],[99.3073338,35.3893797],[99.3071536,35.3892423],[99.3068862,35.3891854],[99.3066478,35.3891665],[99.3063862,35.3893229],[99.3058862,35.3897305],[99.3055723,35.3898632],[99.305311,35.389812],[99.305215,35.389741],[99.3048921,35.3894556],[99.304711,35.389014],[99.30459,35.388699],[99.3044213,35.3884603],[99.304131,35.388204],[99.3039213,35.3878726],[99.303805,35.3876072],[99.3036481,35.3874129],[99.303395,35.387216],[99.30286,35.386849],[99.302494,35.38647],[99.3022644,35.3862801],[99.3018749,35.3861332],[99.3015319,35.3860574],[99.301236,35.386038],[99.300939,35.3860289],[99.300217,35.386329],[99.299885,35.386289],[99.299777,35.386232],[99.299178,35.385595],[99.298733,35.38524],[99.29835,35.38508],[99.297705,35.384988],[99.2975381,35.3848725],[99.297459,35.384704],[99.297596,35.384578],[99.297708,35.384564],[99.299663,35.384717],[99.300446,35.384946],[99.3006774,35.3849368],[99.3008405,35.3848675],[99.3009289,35.3846984],[99.3009153,35.3845155],[99.3007283,35.3843603],[99.296757,35.381818],[99.295995,35.38136],[99.293276,35.3799195],[99.2927297,35.3795996],[99.2924495,35.3794054],[99.2922486,35.3792189],[99.2920292,35.3789752],[99.2917863,35.378682],[99.2915388,35.3783355],[99.2909084,35.3772808],[99.2905465,35.376667],[99.2904312,35.3764986],[99.2902917,35.3763193],[99.2902086,35.3762296],[99.2897392,35.3758447],[99.2896265,35.3757551],[99.2895085,35.3756829],[99.2894146,35.3756304],[99.2893234,35.3755889],[99.2892161,35.3755539],[99.2891115,35.375532],[99.2890069,35.3755189],[99.288897,35.3755123],[99.2887709,35.3755145],[99.2886502,35.3755298],[99.2885,35.375556],[99.2862282,35.3759825],[99.286086,35.376],[99.2859519,35.3759956],[99.2858339,35.375976],[99.2857024,35.375941],[99.2855925,35.375895],[99.2854771,35.3758382],[99.2853752,35.3757682],[99.2852867,35.3757026],[99.2851875,35.3756195],[99.2850989,35.3755189],[99.2849085,35.3753002],[99.28482,35.3752192],[99.2846939,35.3751383],[99.2845866,35.375088],[99.2844204,35.3750246],[99.2841629,35.3749393],[99.2839215,35.3748693],[99.2837398,35.3748269],[99.2837149,35.3748211],[99.2827319,35.3746104],[99.2822453,35.3745023],[99.281803,35.3743255],[99.2805058,35.3736589],[99.2799616,35.3733988],[99.2795237,35.3732356],[99.2790296,35.3731336],[99.2678933,35.3712401],[99.2667109,35.371039],[99.2664695,35.3710085],[99.2661101,35.3709822],[99.2658419,35.3710085],[99.2654878,35.3710522],[99.2651767,35.3711222],[99.2648387,35.3712272],[99.263224,35.3718527],[99.2629022,35.3719577],[99.2625535,35.3720321],[99.2622477,35.3720496],[99.2619258,35.3720321],[99.2616201,35.3719796],[99.2612768,35.3718658],[99.2609763,35.3717302],[99.2606437,35.3715247],[99.2589915,35.3703349],[99.2587769,35.3702299],[99.2585838,35.370173],[99.2584336,35.3701468],[99.2582834,35.3701424],[99.2581332,35.3701643],[99.257726,35.3702731],[99.2573566,35.3704029],[99.2554755,35.3710725],[99.2551076,35.3711579],[99.2546767,35.3711804],[99.2543031,35.3711503],[99.2539702,35.3710762],[99.2536044,35.3709475],[99.2532552,35.3707691],[99.248568,35.368244],[99.247064,35.367439],[99.2223368,35.3553308],[99.2220437,35.3552172],[99.2216828,35.3551387],[99.2213492,35.3551056],[99.2210364,35.3551075],[99.2206435,35.3551698],[99.2201619,35.3552735],[99.2194461,35.3554676],[99.202295,35.3599524],[99.2010887,35.3602724],[99.2006636,35.3603627],[99.2003433,35.3604127],[99.1999989,35.360431],[99.1996203,35.3604397],[99.1973336,35.3603887],[99.19525,35.360337],[99.148115,35.35914],[99.147061,35.358994],[99.145256,35.35851],[99.144674,35.358399],[99.125341,35.353491],[99.124841,35.353358],[99.124785,35.353284],[99.12446,35.353259],[99.123294,35.35297],[99.107423,35.348973],[99.101882,35.347311],[99.101096,35.347048],[99.100338,35.346487],[99.09805,35.343973],[99.097066,35.343359],[99.095854,35.342939],[99.094646,35.342724],[99.092424,35.342867],[99.090861,35.34292],[99.085954,35.342506],[99.084818,35.342244],[99.083663,35.341838],[99.082761,35.341376],[99.068856,35.333121],[99.066633,35.331761],[99.063974,35.330229],[99.052425,35.323382],[99.0460105,35.3195652],[99.023701,35.306289],[99.02173,35.305029],[99.020525,35.304126],[99.018853,35.302679],[99.017381,35.301153],[99.016182,35.299653],[99.015064,35.297943],[99.000513,35.273059],[98.999808,35.271607],[98.998472,35.2676342],[98.9983605,35.2673229],[98.9982366,35.267082],[98.9980736,35.266842],[98.9978498,35.2665771],[98.9976167,35.2663353],[98.997365,35.2661238],[98.9970689,35.2658974],[98.9967655,35.2657378],[98.9964666,35.2656061],[98.9960169,35.2654436],[98.9899576,35.2632474],[98.9894272,35.2630571],[98.9891135,35.2629525],[98.9887859,35.2628631],[98.9883867,35.2627861],[98.9879316,35.2627257],[98.9874765,35.2626813],[98.986189,35.2626242],[98.9856251,35.2625771],[98.9850636,35.2624814],[98.9845049,35.2623393],[98.9840559,35.2621771],[98.9837093,35.2620429],[98.9833478,35.2618522],[98.9829409,35.2616],[98.9824846,35.2612926],[98.9775384,35.2576259],[98.9772797,35.2574078],[98.9770771,35.2571783],[98.976847,35.2568349],[98.9767087,35.2565102],[98.976537,35.2561117],[98.9753386,35.2526063],[98.9752468,35.2523187],[98.974438,35.2501359],[98.971633,35.2419851],[98.9715017,35.241649],[98.9713319,35.241217],[98.9711389,35.2407631],[98.9708957,35.2402491],[98.9706448,35.2397037],[98.9704826,35.23936],[98.9703977,35.2391362],[98.9703128,35.2388934],[98.9701584,35.2383417],[98.9678387,35.2305728],[98.9673096,35.2287195],[98.9665443,35.2260817],[98.9664375,35.2257162],[98.9663322,35.2253577],[98.9662503,35.224961],[98.9661918,35.2245261],[98.9661742,35.2240959],[98.9661859,35.2235892],[98.966221,35.2231543],[98.9662971,35.222705],[98.9664083,35.2222222],[98.9665428,35.2218064],[98.966695,35.2214288],[98.9668529,35.2211037],[98.9670166,35.2207915],[98.967171,35.2205487],[98.9673177,35.2203153],[98.9674104,35.2201513],[98.967476,35.2199874],[98.9675339,35.2198013],[98.9675648,35.2196184],[98.9675648,35.2194134],[98.9675378,35.2190633],[98.9674413,35.2180226],[98.9674297,35.217887],[98.9674181,35.2177294],[98.967417,35.2176056],[98.9674258,35.2174885],[98.9674463,35.2173785],[98.9674902,35.2172017],[98.968804,35.212905],[98.970641,35.20699],[98.9710873,35.2056378],[98.9712129,35.2051087],[98.9712762,35.2047354],[98.9712739,35.2044004],[98.9712433,35.2039324],[98.9711585,35.2033549],[98.9702597,35.1971763],[98.9701622,35.1964764],[98.970125,35.1962782],[98.9700775,35.1960845],[98.9700061,35.1959],[98.9699074,35.1956966],[98.969775,35.1954773],[98.9696124,35.1952527],[98.9693844,35.1949976],[98.9678643,35.1933792],[98.9667485,35.1921122],[98.9665554,35.1918536],[98.9664171,35.1916321],[98.9663032,35.1914108],[98.9662334,35.1912412],[98.966163,35.1909996],[98.9661419,35.1907752],[98.9661419,35.1905048],[98.966163,35.1902574],[98.9662123,35.19001],[98.9662897,35.1897454],[98.9663953,35.1893369],[98.9664376,35.1890608],[98.9664446,35.1888479],[98.9664094,35.188589],[98.9663531,35.1883474],[98.9662545,35.1880942],[98.9661278,35.1878814],[98.9659729,35.187657],[98.9657969,35.1874729],[98.9656069,35.1873118],[98.9653957,35.1871507],[98.9651845,35.1870241],[98.964917,35.1869033],[98.9646636,35.1868228],[98.9643679,35.1867537],[98.9640793,35.1867192],[98.9636217,35.1866962],[98.9632204,35.1866789],[98.9628825,35.1866559],[98.9625306,35.1866099],[98.9621856,35.1865293],[98.9618336,35.18642],[98.9614887,35.1862474],[98.9611719,35.1860461],[98.9608833,35.1858044],[98.9606158,35.185534],[98.9602286,35.185114],[98.9596369,35.1844575],[98.9594355,35.1842367],[98.9584097,35.1831193],[98.957505,35.182197],[98.956782,35.181474],[98.9483512,35.1723156],[98.946207,35.170039],[98.9442707,35.167851],[98.942106,35.165546],[98.94114,35.164628],[98.920713,35.150619],[98.8909117,35.1302624],[98.8905093,35.1299715],[98.8901596,35.1297055],[98.88981,35.1293963],[98.889497,35.129107],[98.8891636,35.1287446],[98.8888668,35.1283755],[98.8885502,35.1278869],[98.887982,35.1268338],[98.8872058,35.1255565],[98.8863007,35.1240717],[98.8861854,35.1238962],[98.8860889,35.1237821],[98.8859628,35.1236681],[98.885826,35.1235562],[98.8856865,35.123464],[98.8854934,35.1233609],[98.8853405,35.1232951],[98.885193,35.1232468],[98.8850213,35.123203],[98.8848229,35.1231701],[98.8846083,35.1231437],[98.8844312,35.123135],[98.8842569,35.1231328],[98.8840236,35.1231503],[98.8835676,35.1232293],[98.8827982,35.1234539],[98.8811357,35.1239772],[98.880594,35.1241338],[98.8773325,35.1251356],[98.8766378,35.1253665],[98.8752163,35.1257696],[98.8750262,35.1258221],[98.8747689,35.1258253],[98.8746394,35.1258354],[98.8744946,35.1258228],[98.8743437,35.1257926],[98.874257,35.1257751],[98.8740202,35.1256439],[98.8737922,35.1254914],[98.8731444,35.1249083],[98.8716172,35.1236689],[98.871391,35.123489],[98.870681,35.122721],[98.870492,35.122304],[98.87039,35.121652],[98.870352,35.120305],[98.8703525,35.1193712],[98.870237,35.1181088],[98.8702087,35.1177297],[98.8700912,35.1174448],[98.8699407,35.1172532],[98.8696801,35.117059],[98.8692385,35.1167872],[98.8686545,35.1164783],[98.8684142,35.1164143],[98.868011,35.1163523],[98.8672711,35.1163223],[98.8660165,35.1162901],[98.8654921,35.116263],[98.8653314,35.1162527],[98.8644982,35.1162032],[98.8634921,35.1161148],[98.8627745,35.1160272],[98.8619905,35.1158997],[98.8612481,35.1157638],[98.8606703,35.1156309],[98.8605981,35.1156143],[98.8596047,35.1153471],[98.858613,35.1150573],[98.8566298,35.1144756],[98.854667,35.1138807],[98.8520361,35.113105],[98.8510614,35.1128128],[98.8508611,35.1127554],[98.8501495,35.1125414],[98.8497461,35.1124343],[98.8493638,35.1123503],[98.8490398,35.1122941],[98.8486151,35.112242],[98.8481692,35.1121928],[98.847794,35.1121609],[98.8473941,35.1121407],[98.846842,35.1121204],[98.8462474,35.112103],[98.8454511,35.1120857],[98.8425079,35.1120128],[98.8421512,35.1120018],[98.8418615,35.1119777],[98.8416389,35.1119404],[98.8413895,35.1118702],[98.8411749,35.1117868],[98.8409523,35.1116859],[98.8407806,35.1115871],[98.8406384,35.1114818],[98.840499,35.1113589],[98.8403488,35.1112076],[98.8401691,35.1109991],[98.8400113,35.1107446],[98.8392815,35.1098055],[98.8391434,35.109652],[98.839009,35.109532],[98.8387555,35.1093601],[98.8386026,35.1092723],[98.8383854,35.1091779],[98.8381789,35.109099],[98.8379536,35.1090353],[98.8377068,35.1089892],[98.8374654,35.1089607],[98.837101,35.1089311],[98.836097,35.1088547],[98.8353311,35.1087936],[98.8341496,35.1087019],[98.8331082,35.1086217],[98.8320247,35.1085338],[98.8292709,35.1083003],[98.826177,35.108073],[98.822062,35.107748],[98.8138313,35.1070089],[98.8135703,35.106965],[98.8125138,35.1067721],[98.8112826,35.1064192],[98.8069181,35.1049739],[98.806763,35.1049226],[98.7974793,35.1018482],[98.7968652,35.1016448],[98.7963413,35.1014509],[98.7949144,35.1009813],[98.7935625,35.10056],[98.7925701,35.1002659],[98.7918191,35.1000245],[98.7911432,35.0997656],[98.7883322,35.0985718],[98.7851672,35.0972375],[98.7835632,35.0965397],[98.7817769,35.0957672],[98.7798511,35.0949464],[98.7759243,35.0932654],[98.7743794,35.0926114],[98.7725555,35.0918652],[98.7719493,35.091593],[98.7716167,35.0914219],[98.7713002,35.0912375],[98.7709461,35.0909917],[98.7696104,35.0899426],[98.767529,35.088369],[98.766425,35.08756],[98.765866,35.08704],[98.765184,35.086284],[98.764385,35.085533],[98.763412,35.084746],[98.7550589,35.0786336],[98.7547214,35.0783835],[98.7545079,35.0781819],[98.7543683,35.0780168],[98.7541562,35.0777519],[98.750767,35.073027],[98.7503946,35.0725626],[98.74992,35.072148],[98.7491159,35.0716993],[98.737731,35.067319],[98.7348359,35.0661232],[98.7344005,35.0660031],[98.7340465,35.0659328],[98.7337169,35.0659367],[98.727039,35.066442],[98.725842,35.066457],[98.7216719,35.0661722],[98.7212465,35.066128],[98.7209561,35.0660891],[98.7206169,35.0660323],[98.7199192,35.0659082],[98.7194654,35.0658388],[98.7190519,35.0657837],[98.7179878,35.0656834],[98.7170522,35.0655901],[98.7163558,35.0655176],[98.71409,35.0652958],[98.7138393,35.0652801],[98.713541,35.0652815],[98.7132483,35.0653117],[98.7129592,35.0653636],[98.7104156,35.0658766],[98.7098737,35.0659676],[98.709396,35.0660316],[98.7089567,35.0660704],[98.7085834,35.0660799],[98.708176,35.0660781],[98.7077787,35.0660545],[98.7058726,35.0659073],[98.6974102,35.0652108],[98.6970071,35.0651677],[98.6966827,35.0651207],[98.696385,35.0650667],[98.6960762,35.0649922],[98.6956987,35.0648861],[98.6953583,35.0647755],[98.6950848,35.0646575],[98.6947854,35.0645091],[98.6944767,35.064334],[98.6898841,35.0617908],[98.6894814,35.0615039],[98.689333,35.0613808],[98.6891826,35.0612527],[98.6890423,35.0611146],[98.6889326,35.0609798],[98.6888025,35.0607851],[98.6887008,35.0606237],[98.6885321,35.0603309],[98.6883126,35.0599482],[98.6881805,35.0596919],[98.6877373,35.0588267],[98.6875747,35.0585388],[98.6874263,35.0582893],[98.6872759,35.0580513],[98.6871214,35.0578333],[98.6869527,35.0576154],[98.6868328,35.0574639],[98.6866925,35.0573275],[98.6865848,35.0572277],[98.6864404,35.0571278],[98.6862636,35.057023],[98.6860949,35.0569331],[98.6858855,35.0568283],[98.6856721,35.0567368],[98.6854973,35.0566719],[98.6852594,35.056602],[98.685048,35.0565488],[98.684796,35.0565055],[98.6844626,35.0564656],[98.6842024,35.0564489],[98.6840093,35.0564489],[98.6837796,35.0564589],[98.68343,35.0564955],[98.6831271,35.0565438],[98.6824278,35.0566985],[98.6821534,35.0567751],[98.6814216,35.0570147],[98.6811818,35.0570929],[98.6808464,35.0571811],[98.6804866,35.0572776],[98.6804154,35.0572942],[98.6803463,35.0573242],[98.6803016,35.0573508],[98.6802508,35.0573924],[98.680204,35.0574373],[98.6801695,35.0574956],[98.6801461,35.0575586],[98.6801298,35.0576389],[98.6801134,35.0577307],[98.6800854,35.0578969],[98.6800644,35.0579906],[98.6800294,35.0580766],[98.6799873,35.0581645],[98.6799336,35.058241],[98.6798752,35.0583098],[98.6797865,35.0583767],[98.6796721,35.0584417],[98.67956,35.0584914],[98.6794573,35.0585296],[98.6793499,35.0585583],[98.6792004,35.058585],[98.6790837,35.0585946],[98.6789599,35.0585908],[98.6788479,35.0585774],[98.6787428,35.0585564],[98.678626,35.0585258],[98.6785116,35.0584761],[98.6784135,35.0584111],[98.6783365,35.0583442],[98.6782408,35.0582525],[98.678152,35.0581454],[98.6780143,35.0579524],[98.6779279,35.0578472],[98.6778485,35.0577593],[98.6777808,35.0576943],[98.6777224,35.0576542],[98.677657,35.0576179],[98.6775893,35.057593],[98.6775122,35.0575797],[98.6774282,35.0575777],[98.6773348,35.0575854],[98.6772274,35.0576045],[98.6770406,35.0576446],[98.6768455,35.0576959],[98.6754563,35.0581104],[98.6743465,35.058316],[98.6732936,35.0583867],[98.6628433,35.0575743],[98.6621139,35.0575048],[98.661083,35.057322],[98.6599344,35.0570038],[98.6592189,35.0566923],[98.6582774,35.0561951],[98.6569107,35.0552719],[98.655654,35.0544313],[98.6549669,35.0538684],[98.6544644,35.0533034],[98.6539713,35.0526463],[98.6527702,35.0512548],[98.6501417,35.0486418],[98.6497538,35.0482719],[98.6494549,35.0480272],[98.646282,35.04519],[98.6456282,35.0445697],[98.6454287,35.044356],[98.6452424,35.0441046],[98.6450877,35.043844],[98.6449564,35.0435644],[98.644859,35.0432878],[98.6447921,35.0430467],[98.6447463,35.0427926],[98.6447233,35.0425595],[98.6447262,35.0422772],[98.6448491,35.039111],[98.6448344,35.0389191],[98.644807,35.0387854],[98.6447627,35.0386495],[98.6446903,35.0384945],[98.6446117,35.0383798],[98.6445165,35.0382616],[98.6444026,35.0381549],[98.6442308,35.0380178],[98.6440844,35.0379234],[98.6415687,35.0363709],[98.6414295,35.0362705],[98.6412999,35.0361536],[98.641169,35.0359973],[98.641103,35.0358753],[98.6410033,35.0356722],[98.6401275,35.0338443],[98.639794,35.033514],[98.6392116,35.0330989],[98.638594,35.0327067],[98.6378276,35.0322314],[98.6373076,35.0317876],[98.6369002,35.0313755],[98.63478,35.028832],[98.6331351,35.0268679],[98.6325943,35.0264086],[98.6287331,35.0235571],[98.6283058,35.0232482],[98.6278283,35.0229604],[98.6273269,35.0226952],[98.6159844,35.0177012],[98.6149873,35.0171987],[98.6138386,35.0165658],[98.6126819,35.0157362],[98.608999,35.012959],[98.6060167,35.0106512],[98.6044231,35.0095668],[98.5925636,35.0019397],[98.5914875,35.0012314],[98.590072,35.000291],[98.588627,34.999059],[98.587687,34.99811],[98.56457,34.972537],[98.5581593,34.9654472],[98.5580777,34.9653569],[98.553492,34.960285],[98.544115,34.949923],[98.5239951,34.9276736],[98.5233281,34.9269711],[98.5226396,34.9263162],[98.5118106,34.9173106],[98.5112381,34.9168525],[98.5107699,34.9163968],[98.51,34.915314],[98.5032319,34.9037668],[98.5030569,34.9034527],[98.5025325,34.9025932],[98.5021617,34.9020763],[98.501591,34.9014376],[98.4993184,34.8989769],[98.4984562,34.8979701],[98.4945173,34.8931226],[98.4934882,34.8919454],[98.4820642,34.881004],[98.4813506,34.8803526],[98.4807913,34.8799871],[98.4802147,34.8796706],[98.462775,34.8705736],[98.4616054,34.869931],[98.460362,34.869074],[98.4596996,34.8684082],[98.4459734,34.8529832],[98.4448106,34.8515834],[98.4440079,34.8504091],[98.4401071,34.843539],[98.4396425,34.842843],[98.4392017,34.8423363],[98.4386877,34.8418806],[98.437003,34.8407598],[98.4360517,34.8401246],[98.4356027,34.8397856],[98.4350663,34.8393312],[98.4335737,34.8375842],[98.4333081,34.8372781],[98.4329541,34.8370183],[98.4325076,34.8367997],[98.4320841,34.8366245],[98.421287,34.8330021],[98.4207714,34.8329116],[98.4202215,34.832892],[98.4195248,34.8329631],[98.4084327,34.836],[98.4072401,34.8361132],[98.406364,34.8360695],[98.4057997,34.8359578],[98.3968807,34.8336269],[98.3960424,34.833426],[98.3954836,34.8332977],[98.3949459,34.8331955],[98.3939566,34.8331122],[98.3842378,34.832565],[98.3834579,34.8324655],[98.3828104,34.8323391],[98.375383,34.830624],[98.373824,34.830176],[98.3706698,34.8290836],[98.3701728,34.8289115],[98.3691793,34.828666],[98.3682594,34.8285097],[98.365136,34.828565],[98.36405,34.82843],[98.361619,34.828016],[98.359986,34.827848],[98.358457,34.827989],[98.3542635,34.8286566],[98.3536706,34.8287205],[98.3530307,34.8287434],[98.3525119,34.8287425],[98.349863,34.828668],[98.348714,34.828729],[98.346015,34.829373],[98.342524,34.830288],[98.341513,34.830567],[98.340484,34.830944],[98.3343406,34.8338269],[98.3141986,34.8447221],[98.3135724,34.8450244],[98.312771,34.84536],[98.3029463,34.8488364],[98.2926395,34.8524832],[98.2925727,34.8525066],[98.2916673,34.8528246],[98.2911246,34.853034],[98.2904939,34.8533311],[98.2898594,34.8537553],[98.2840298,34.8578944],[98.2826283,34.8587947],[98.2805968,34.8599796],[98.2788838,34.8609147],[98.2384662,34.8818619],[98.2373974,34.8824194],[98.2366542,34.8827155],[98.2358968,34.8829826],[98.2350615,34.8832265],[98.234113,34.8834529],[98.2299283,34.8843636],[98.2287141,34.8845934],[98.2283638,34.8846777],[98.2280416,34.8847926],[98.2277054,34.884965],[98.2274812,34.8851336],[98.2272384,34.8853596],[98.2270749,34.8855549],[98.2269488,34.8857312],[98.2268508,34.8859227],[98.2264024,34.8870489],[98.2263044,34.887252],[98.2262156,34.8873745],[98.2260148,34.8875239],[98.225758,34.8876427],[98.225432,34.8877548],[98.2250604,34.8878418],[98.2243398,34.8879656],[98.2236234,34.8880948],[98.2177038,34.8891072],[98.217049,34.8892479],[98.2163186,34.8894378],[98.2155117,34.889714],[98.2139501,34.8902442],[98.2129778,34.8905744],[98.2126155,34.8906974],[98.2104693,34.891439],[98.2081405,34.8921894],[98.2077753,34.8922016],[98.2072588,34.8922514],[98.2065743,34.8922504],[98.2061572,34.8922125],[98.205587,34.8920972],[98.203176,34.8915743],[98.1981544,34.8904378],[98.1785989,34.8860116],[98.1775232,34.8857861],[98.1768069,34.8856605],[98.1761291,34.8855674],[98.1753342,34.885492],[98.1743733,34.8854431],[98.1731199,34.8853779],[98.1717003,34.885304],[98.170208,34.8852225],[98.1605448,34.8847059],[98.1588245,34.8846138],[98.1582716,34.8845405],[98.1577837,34.8844337],[98.1572145,34.884247],[98.1530271,34.8828196],[98.1525718,34.8826329],[98.1522872,34.8824661],[98.1520189,34.8822527],[98.1518075,34.8820125],[98.1516855,34.8817791],[98.1515717,34.881519],[98.1515148,34.8812055],[98.1514985,34.8808253],[98.1514904,34.8804384],[98.151466,34.8800382],[98.1514091,34.8795779],[98.1513277,34.879091],[98.1512464,34.8786174],[98.1511895,34.8782572],[98.1511651,34.8778036],[98.1508968,34.869165],[98.1508562,34.8687847],[98.1507748,34.8683511],[98.1506447,34.8680042],[98.1504984,34.8676707],[98.1503195,34.8674038],[98.1501488,34.8671837],[98.1499814,34.8670241],[98.1497668,34.8668524],[98.1495737,34.8667028],[98.1493699,34.8665839],[98.1491928,34.8664651],[98.1490641,34.8663551],[98.1489836,34.866245],[98.1487656,34.8657747],[98.1482105,34.8644444],[98.1479863,34.8640382],[98.1478089,34.8637279],[98.1476454,34.8634941],[98.1474119,34.8632106],[98.1455953,34.8610992],[98.1454225,34.8609229],[98.1452544,34.8607658],[98.1451143,34.8606662],[98.1414373,34.8580875],[98.1412093,34.8579444],[98.1408902,34.857753],[98.1406246,34.8576231],[98.1403644,34.8575108],[98.1402008,34.857447],[98.1400238,34.8574008],[98.1397931,34.8573612],[98.139592,34.8573348],[98.1393774,34.8573216],[98.1391628,34.8573062],[98.1389134,34.8572731],[98.1386371,34.8572247],[98.1383689,34.8571609],[98.1381838,34.8571125],[98.1379934,34.8570442],[98.134331,34.855495],[98.1341956,34.855426],[98.1340391,34.855336],[98.1339387,34.8552632],[98.1338407,34.8551578],[98.133766,34.8550524],[98.1337193,34.8549451],[98.1332836,34.85378],[98.1332368,34.8536333],[98.1331921,34.8534564],[98.1328064,34.8514819],[98.1317692,34.8464224],[98.1312641,34.8439581],[98.1312212,34.8436895],[98.1312293,34.8434034],[98.1312829,34.8430754],[98.131586,34.8417303],[98.1318703,34.8406561],[98.1320527,34.8400419],[98.1326482,34.8381508],[98.1345874,34.8322419],[98.1356925,34.8288601],[98.1377846,34.8223912],[98.1382728,34.8208366],[98.1382942,34.8205856],[98.1382245,34.8203478],[98.1381011,34.8201232],[98.1379026,34.8199118],[98.137688,34.8197577],[98.1374788,34.8196652],[98.136996,34.8194846],[98.1351989,34.8188592],[98.1348717,34.8187139],[98.1345928,34.8185466],[98.1344649,34.8184123],[98.1343621,34.8183043],[98.1342012,34.8180093],[98.1341636,34.817679],[98.1341636,34.8167805],[98.1341743,34.8134157],[98.1341743,34.8118346],[98.1341958,34.8113501],[98.1342548,34.8109229],[98.1343675,34.8104252],[98.1347001,34.8091171],[98.1347644,34.8087163],[98.134743,34.8083639],[98.134641,34.8079587],[98.1343781,34.8071622],[98.1340027,34.806025],[98.1339061,34.8056771],[98.1338793,34.8054216],[98.1338847,34.8050736],[98.1339759,34.8015894],[98.1340027,34.8008406],[98.134008,34.8003384],[98.1339598,34.799801],[98.1338364,34.7991271],[98.1335747,34.798119],[98.1334306,34.7975904],[98.1333493,34.7973467],[98.1332517,34.7971331],[98.1331419,34.7969294],[98.1330362,34.7967358],[98.1329346,34.7965755],[98.1328045,34.7964186],[98.1326378,34.7962317],[98.1324508,34.7960447],[98.1322597,34.7958845],[98.1320361,34.7957242],[98.13178,34.795554],[98.1310638,34.7951402],[98.1309316,34.7950595],[98.1308052,34.7949777],[98.1306726,34.7948857],[98.130494,34.7947537],[98.1277209,34.792528],[98.1254625,34.7907306],[98.1252265,34.7905192],[98.125087,34.7902372],[98.1250709,34.7899597],[98.125307,34.7881534],[98.125602,34.7863206],[98.1256932,34.7853337],[98.1257039,34.7849328],[98.1256664,34.7845803],[98.1255752,34.7842235],[98.1253767,34.7838181],[98.1241482,34.7818884],[98.1229198,34.780007],[98.122791,34.7797602],[98.1227589,34.779584],[98.122791,34.7793108],[98.1229466,34.7787028],[98.1229895,34.7784516],[98.1229895,34.7781388],[98.1229198,34.7777775],[98.1228179,34.7774118],[98.1226677,34.7770593],[98.1224745,34.7767508],[98.12226,34.7764292],[98.1221741,34.7762529],[98.1221151,34.7760326],[98.1221312,34.7758388],[98.1221795,34.7756361],[98.1223243,34.7753717],[98.1225067,34.7751602],[98.1227857,34.7749663],[98.1245989,34.7740101],[98.1253713,34.773618],[98.1258917,34.7733271],[98.1264549,34.7729482],[98.1273347,34.7723313],[98.1279516,34.7718686],[98.128531,34.7713663],[98.1302369,34.7698901],[98.1307089,34.7695067],[98.1310576,34.7692643],[98.1312722,34.7691498],[98.1324041,34.7687443],[98.1329405,34.7685108],[98.1332624,34.7683125],[98.1336057,34.7680172],[98.1338578,34.7676647],[98.1340241,34.7673078],[98.1340885,34.7669552],[98.1340349,34.7665366],[98.13389,34.7660606],[98.1336915,34.7656861],[98.1334287,34.765382],[98.1321841,34.7643552],[98.1314385,34.7637603],[98.1311005,34.7634121],[98.1306928,34.7629097],[98.1303227,34.7623016],[98.1301403,34.7617948],[98.1300652,34.7614422],[98.1300598,34.7610411],[98.1301135,34.7606313],[98.1301251,34.7605933],[98.13021,34.760314],[98.1303334,34.7600672],[98.1305319,34.7598645],[98.1308538,34.7596617],[98.1313258,34.7594502],[98.1328547,34.7587891],[98.1336647,34.7584013],[98.1340992,34.7581897],[98.1343621,34.7580046],[98.1345606,34.7578107],[98.1347269,34.7575859],[98.1348556,34.7573215],[98.1349307,34.7570703],[98.1349307,34.7568191],[98.1348664,34.7564929],[98.1346947,34.7561932],[98.1345177,34.7559773],[98.1341046,34.7556952],[98.1317389,34.7542364],[98.128767,34.752394],[98.128531,34.7522354],[98.1283003,34.7520106],[98.1281447,34.7517726],[98.1268734,34.7491148],[98.1266427,34.7486916],[98.1264067,34.7483787],[98.1261545,34.748123],[98.1241161,34.7462453],[98.1215197,34.7437636],[98.1209242,34.7432347],[98.1207043,34.743001],[98.1205326,34.7427454],[98.1201464,34.7419519],[98.1196368,34.7409381],[98.1190574,34.7397214],[98.1189233,34.7394745],[98.1187731,34.7392982],[98.1185317,34.7391351],[98.1183064,34.7390425],[98.1179148,34.7389588],[98.1171316,34.7388133],[98.1149697,34.738518],[98.1139666,34.7383769],[98.1136072,34.7382887],[98.1133121,34.7381344],[98.1130975,34.7379493],[98.1129259,34.7377156],[98.1123197,34.7363799],[98.1120837,34.7357451],[98.1119227,34.7354189],[98.1117457,34.73515],[98.111574,34.734934],[98.1113434,34.7347091],[98.1099433,34.7334262],[98.1074542,34.7311514],[98.1067729,34.7305474],[98.1064779,34.7302212],[98.1061935,34.7298641],[98.1059951,34.7294717],[98.1053889,34.727933],[98.1049007,34.7266104],[98.1046969,34.726143],[98.1045198,34.7258476],[98.0988657,34.7179552],[98.0964303,34.7145379],[98.0952421,34.7128887],[98.0949846,34.7125271],[98.094711,34.7122074],[98.0944401,34.7119539],[98.0941477,34.7117312],[98.09385,34.7115415],[98.0924419,34.7108029],[98.0920449,34.7105736],[98.091723,34.7103487],[98.0913985,34.7100974],[98.091023,34.7097799],[98.0886573,34.7076499],[98.0866858,34.7058594],[98.0862299,34.7054427],[98.0859482,34.7051494],[98.0856693,34.7048363],[98.0853823,34.7044637],[98.0839634,34.7026335],[98.0832124,34.7016698],[98.0831212,34.7015089],[98.0830595,34.7013435],[98.0830112,34.701145],[98.0828851,34.7003026],[98.08281,34.6998352],[98.0827188,34.6995617],[98.0825901,34.6993191],[98.0818444,34.6982474],[98.0816996,34.6979828],[98.0816245,34.697727],[98.0815923,34.69748],[98.0816138,34.6971713],[98.0816996,34.6968449],[98.0822575,34.6954997],[98.0832124,34.6931841],[98.0833411,34.6928268],[98.0834162,34.6925401],[98.0834323,34.6922579],[98.0833733,34.69198],[98.0832392,34.6917418],[98.0829978,34.691508],[98.0814367,34.6904097],[98.081013,34.6901142],[98.0807555,34.6899951],[98.0805141,34.6899289],[98.0802351,34.6898848],[98.0789208,34.6898363],[98.0787438,34.689801],[98.0785614,34.6897305],[98.0783951,34.6896025],[98.0782878,34.6894526],[98.0782342,34.6893114],[98.0782503,34.6891173],[98.0783254,34.6889718],[98.0784434,34.6888571],[98.0786312,34.6887424],[98.0791651,34.6884675],[98.0797019,34.6881766],[98.0802458,34.6878205],[98.0804497,34.6876661],[98.0805677,34.6874941],[98.0806053,34.6873618],[98.0805892,34.6872118],[98.080498,34.687031],[98.080337,34.686903],[98.080101,34.6868016],[98.0795109,34.6866472],[98.0788511,34.6864752],[98.0785829,34.6863781],[98.0783737,34.6862458],[98.0781484,34.6860473],[98.0779338,34.6857606],[98.0771398,34.6845431],[98.0770218,34.6844108],[98.0768689,34.6843093],[98.0766571,34.6842365],[98.0764478,34.6842101],[98.076252,34.6842343],[98.0760536,34.6843115],[98.0750397,34.6847725],[98.0748546,34.6848431],[98.074691,34.6848739],[98.074514,34.6848739],[98.0743316,34.6848232],[98.0741894,34.6847526],[98.0740741,34.6846732],[98.0738997,34.6845144],[98.072615,34.6831955],[98.0725157,34.683061],[98.0724326,34.6829176],[98.0723441,34.6827213],[98.072226,34.6823596],[98.0720329,34.6816736],[98.0719632,34.6815347],[98.0718532,34.6814001],[98.0717057,34.681292],[98.0715582,34.6812214],[98.0713704,34.6811795],[98.0711827,34.6811685],[98.0709091,34.681195],[98.0692059,34.6814067],[98.0689108,34.6814244],[98.0687794,34.6814266],[98.0686292,34.6814045],[98.0684924,34.6813626],[98.0683556,34.6812942],[98.0676556,34.6808487],[98.0675161,34.6807803],[98.0673417,34.6807141],[98.0671594,34.6806766],[98.0669475,34.6806656],[98.063482,34.6808641],[98.0625996,34.6809259],[98.0622321,34.6809391],[98.0618352,34.6809369],[98.0615053,34.6809171],[98.0611432,34.6808752],[98.0607837,34.6808178],[98.0604458,34.680745],[98.0601534,34.6806612],[98.0597564,34.6805376],[98.0586782,34.6801627],[98.0574015,34.6797458],[98.0565423,34.6794617],[98.0554005,34.6790841],[98.055127,34.6789827],[98.0548614,34.678868],[98.0545101,34.6786871],[98.0540997,34.678418],[98.0535901,34.678043],[98.0522141,34.6769865],[98.0498752,34.6752505],[98.0484644,34.6741983],[98.048121,34.6739116],[98.0479521,34.6737351],[98.0477804,34.6735101],[98.0476087,34.6732322],[98.0474371,34.672877],[98.0467209,34.6714586],[98.046501,34.6710263],[98.0446422,34.6674084],[98.0433172,34.6647744],[98.0431831,34.664492],[98.0430329,34.664117],[98.0429631,34.6638346],[98.0429149,34.6634573],[98.0428317,34.6625219],[98.0427566,34.6619616],[98.0426413,34.6611982],[98.0425447,34.6605805],[98.0423623,34.6591707],[98.0421209,34.6575734],[98.0418929,34.6559385],[98.041673,34.6540896],[98.0416033,34.6534343],[98.0415282,34.6527481],[98.0414718,34.652459],[98.0414075,34.6522119],[98.0413377,34.6519957],[98.0411956,34.6516802],[98.0409971,34.6513337],[98.0408013,34.6510425],[98.0405331,34.650738],[98.0395782,34.6497296],[98.0365097,34.6464507],[98.0359706,34.6458549],[98.0315155,34.641104],[98.0215645,34.6304625],[98.0071342,34.6151311],[97.9950996,34.6022521],[97.9943708,34.6014297],[97.9907674,34.5976288],[97.9898661,34.5966927],[97.9895711,34.5964005],[97.9889166,34.5957521],[97.986879,34.593926],[97.9868089,34.5938611],[97.9858207,34.592946],[97.9855888,34.5926942],[97.9854619,34.5924401],[97.985419,34.5922017],[97.9854397,34.5919732],[97.9855156,34.5917159],[97.9856014,34.5915437],[97.9857533,34.5913545],[97.9883856,34.5884832],[97.9905563,34.586114],[97.9923788,34.5841346],[97.9926108,34.5839268],[97.9929131,34.5837975],[97.9935305,34.5836389],[97.993809,34.5835678],[97.9939753,34.5834706],[97.9941004,34.5833507],[97.9941577,34.5831924],[97.9941819,34.5829893],[97.9940772,34.5828037],[97.9939157,34.582635],[97.9926706,34.5818264],[97.9924679,34.5816378],[97.9923445,34.5814302],[97.9923466,34.5812273],[97.9924357,34.5810239],[97.9925913,34.5808869],[97.9927737,34.5808014],[97.9932752,34.5806139],[97.9936749,34.5804232],[97.9940075,34.5802068],[97.9942861,34.5799573],[97.9945385,34.5796723],[97.9947262,34.5793856],[97.9948872,34.5790098],[97.9949838,34.5786742],[97.9950245,34.5783482],[97.9950213,34.5741513],[97.9950444,34.5699656],[97.9950419,34.5682736],[97.9950321,34.5673223],[97.9950483,34.5669279],[97.9950675,34.5666669],[97.9951112,34.5664346],[97.9952217,34.566069],[97.9974246,34.5593352],[97.9975051,34.5589509],[97.9975426,34.5586372],[97.9975158,34.5583103],[97.9974568,34.5579878],[97.9973227,34.5575681],[97.9957938,34.5537377],[97.9937983,34.5486611],[97.9936159,34.5480823],[97.9933262,34.5471235],[97.9924571,34.5441145],[97.9914057,34.5404072],[97.9904348,34.5369472],[97.9898983,34.5351221],[97.9888415,34.5314807],[97.9877204,34.527543],[97.9863095,34.5225886],[97.9850542,34.5181909],[97.9831713,34.5116358],[97.979514,34.4987906],[97.9792912,34.4979746],[97.9784169,34.4951073],[97.9782291,34.4943732],[97.9778743,34.4931236],[97.9775675,34.492056],[97.977233,34.4908618],[97.9769808,34.490243],[97.9767035,34.4896179],[97.9764031,34.4890192],[97.9759294,34.4883019],[97.9753929,34.487621],[97.9741974,34.4863273],[97.9729689,34.4850318],[97.9717773,34.4837874],[97.9714876,34.4835353],[97.9711497,34.4833231],[97.9705596,34.4829959],[97.9700124,34.4826908],[97.9696959,34.4824697],[97.9694438,34.4821867],[97.9687411,34.4812846],[97.9684138,34.4808866],[97.9680705,34.480555],[97.9677004,34.4802675],[97.9668045,34.479644],[97.9664129,34.4793389],[97.966091,34.478994],[97.9658872,34.4786402],[97.9657316,34.4783351],[97.9656243,34.4779283],[97.9654795,34.4765485],[97.9654366,34.4761948],[97.9653346,34.4758012],[97.9642188,34.4730815],[97.9637897,34.4719891],[97.9635268,34.4714629],[97.9632211,34.470941],[97.9628509,34.4704722],[97.96247,34.4700698],[97.9603726,34.4682034],[97.9576689,34.465824],[97.9558021,34.4641389],[97.9541874,34.4626219],[97.9517734,34.4602998],[97.9500622,34.4586367],[97.9498476,34.4584686],[97.9497027,34.4584111],[97.9495043,34.458389],[97.9492468,34.4584111],[97.9487693,34.4583979],[97.9484904,34.4583182],[97.9482758,34.4581546],[97.9481846,34.4579954],[97.9481739,34.4578317],[97.9482436,34.4576371],[97.9484314,34.4574071],[97.9488927,34.4570399],[97.9494828,34.4566153],[97.9496598,34.4564118],[97.9497296,34.4562393],[97.9497027,34.4560005],[97.9496169,34.4558457],[97.949456,34.4557262],[97.9469937,34.4542665],[97.9466236,34.4539967],[97.9463339,34.4537092],[97.9460925,34.4533155],[97.9453951,34.4520238],[97.9452556,34.4517363],[97.9451054,34.451347],[97.9449499,34.4508914],[97.9440701,34.4452114],[97.9435658,34.4419244],[97.9433942,34.4408449],[97.9432815,34.4399955],[97.9432654,34.4391682],[97.9433459,34.4384559],[97.9434586,34.4378497],[97.9436302,34.4372303],[97.943877,34.4365402],[97.9456526,34.4329475],[97.9481578,34.4278371],[97.9507917,34.4224962],[97.9530233,34.4179559],[97.9548579,34.4142032],[97.9565746,34.4107424],[97.9578888,34.4081135],[97.9582965,34.4072682],[97.9585272,34.4067548],[97.9590261,34.4051127],[97.9591387,34.4046524],[97.959187,34.4043161],[97.959187,34.4040328],[97.9591227,34.4036876],[97.9588437,34.4026651],[97.9586291,34.4019127],[97.9584467,34.4014568],[97.9583448,34.4012755],[97.9582428,34.4010942],[97.9581611,34.4009683],[97.9579639,34.4006645],[97.9576099,34.4002927],[97.9565746,34.3993543],[97.95614,34.3988586],[97.9557967,34.3983761],[97.955566,34.3979999],[97.9554427,34.3976989],[97.9553139,34.3972562],[97.9552281,34.3967295],[97.9551905,34.3951315],[97.9551047,34.3933565],[97.9550993,34.3926615],[97.9551744,34.3917054],[97.9556304,34.388279],[97.955727,34.3875397],[97.9557055,34.387221],[97.9555929,34.3868801],[97.9553515,34.3864064],[97.9546916,34.3851005],[97.9542088,34.3841132],[97.9539514,34.3835111],[97.9537636,34.3830507],[97.9534525,34.3820103],[97.9532701,34.3814702],[97.9530877,34.3810496],[97.9524493,34.3800136],[97.9508078,34.3772908],[97.9496169,34.3752187],[97.9494238,34.3749265],[97.9492789,34.3747804],[97.9489946,34.3746431],[97.9487586,34.3745634],[97.9484099,34.3745147],[97.9474014,34.374497],[97.9466343,34.374466],[97.9462266,34.3744129],[97.9457116,34.3743066],[97.9446065,34.3739967],[97.942214,34.3733016],[97.9418492,34.3731776],[97.9406959,34.3727127],[97.9390705,34.3720441],[97.9385018,34.3718316],[97.9380888,34.3717209],[97.937606,34.3716279],[97.9350471,34.3712737],[97.9331911,34.3710124],[97.9329604,34.3709372],[97.9327619,34.3708353],[97.9325956,34.3706981],[97.9322255,34.3702951],[97.9312921,34.3691705],[97.9310989,34.3689136],[97.9309326,34.3685904],[97.9302854,34.3668754],[97.9299298,34.3660034],[97.9298625,34.3658024],[97.9294038,34.3648],[97.9291624,34.3641402],[97.929039,34.3635867],[97.9289639,34.3627498],[97.9290175,34.3615054],[97.9290605,34.3603541],[97.9291248,34.3597872],[97.9292375,34.3592426],[97.9299241,34.3570062],[97.9307127,34.354349],[97.9312599,34.3525598],[97.9314262,34.3516298],[97.9315227,34.3508857],[97.9315656,34.3501461],[97.9315495,34.3491053],[97.9313618,34.346129],[97.9310346,34.3411594],[97.9307717,34.3372438],[97.9306859,34.3356668],[97.9306108,34.3350201],[97.9304177,34.3342715],[97.9301709,34.3331817],[97.930069,34.3329425],[97.9299241,34.3327343],[97.9297042,34.3324951],[97.9294091,34.3322471],[97.9278749,34.3309535],[97.9275638,34.3307188],[97.9271668,34.3304751],[97.9267269,34.3302049],[97.9263943,34.3299922],[97.9261637,34.3297929],[97.9259705,34.329536],[97.9250103,34.3278924],[97.9248279,34.3275114],[97.924667,34.3269975],[97.9245114,34.326559],[97.9244041,34.3263153],[97.9242754,34.3261027],[97.9241306,34.3258634],[97.9237926,34.3253894],[97.9227197,34.324016],[97.9225051,34.3237635],[97.9222691,34.3235331],[97.9220223,34.3233338],[97.921738,34.3231477],[97.9213464,34.3229306],[97.9189861,34.3216857],[97.9166579,34.3204363],[97.9162878,34.320197],[97.9159391,34.3199401],[97.9155743,34.3195901],[97.9146838,34.3185046],[97.91345,34.3170292],[97.9132408,34.3168254],[97.9129565,34.3166216],[97.9127151,34.3164842],[97.9120982,34.3162272],[97.9115403,34.3160101],[97.9109073,34.3156645],[97.9039013,34.3114907],[97.9022169,34.3104982],[97.9016697,34.3101481],[97.901262,34.3098202],[97.9008114,34.309417],[97.9004627,34.3090138],[97.9000229,34.3083979],[97.8985584,34.3062089],[97.8965304,34.3031546],[97.8936425,34.2987799],[97.8915739,34.2958747],[97.8894818,34.2927236],[97.8873575,34.2896035],[97.8871429,34.2892356],[97.8869927,34.2888722],[97.88688,34.2884777],[97.8867137,34.2870639],[97.8866225,34.2864434],[97.8865045,34.286009],[97.8863114,34.2856057],[97.8860164,34.2850915],[97.8845251,34.2825562],[97.8836024,34.2810004],[97.8835005,34.2807699],[97.8834897,34.2805749],[97.8835112,34.2803621],[97.8838116,34.2794534],[97.8843051,34.2778798],[97.8843909,34.2775429],[97.8843963,34.2772282],[97.8843319,34.2768293],[97.8841817,34.2764392],[97.8839081,34.2760447],[97.8835326,34.2756634],[97.8830284,34.2753177],[97.8825027,34.2750694],[97.881977,34.2748833],[97.8814834,34.2747769],[97.8809738,34.2747325],[97.8790158,34.2747237],[97.8785598,34.2747059],[97.8781468,34.2746394],[97.8777069,34.2745419],[97.8753948,34.2737573],[97.8750086,34.2736066],[97.874617,34.2733849],[97.8742951,34.2731323],[97.872718,34.2714699],[97.8703737,34.268974],[97.8699982,34.2685928],[97.8696817,34.2683667],[97.8692687,34.2681761],[97.8689575,34.2680608],[97.8611362,34.2659062],[97.8563672,34.2646028],[97.8554606,34.2643501],[97.855069,34.2642171],[97.8502142,34.2624615],[97.8496832,34.2622354],[97.849195,34.2619915],[97.8486317,34.2616102],[97.8482991,34.2613309],[97.8479397,34.2609585],[97.8476232,34.2605506],[97.8473818,34.2601649],[97.84706,34.2595353],[97.8457725,34.2569238],[97.8438413,34.2529643],[97.8421569,34.2495412],[97.8403276,34.2457765],[97.8401452,34.2453907],[97.839936,34.2450537],[97.8397322,34.2448053],[97.8393674,34.2444949],[97.8385144,34.2439051],[97.8381711,34.2436479],[97.8378493,34.2433553],[97.8363097,34.2417012],[97.8320879,34.2372753],[97.8292394,34.2342463],[97.8287297,34.2337673],[97.8256302,34.2312385],[97.8250712,34.2307825],[97.8244489,34.2303567],[97.8237998,34.2299841],[97.8231186,34.2296382],[97.8224909,34.2293721],[97.8219169,34.2291636],[97.8211337,34.2289019],[97.8176039,34.2278596],[97.8168958,34.227629],[97.8161287,34.2273185],[97.8155279,34.2270258],[97.8150988,34.2267552],[97.814675,34.2264758],[97.8132158,34.2253802],[97.8097182,34.222781],[97.8071648,34.2208027],[97.806285,34.2201773],[97.8054804,34.2196849],[97.8047669,34.2192945],[97.8039139,34.2188953],[97.8031951,34.2186114],[97.8008348,34.2177908],[97.7975571,34.216633],[97.7969241,34.2163802],[97.7963769,34.2161273],[97.7945155,34.2152446],[97.791034,34.2135677],[97.7895105,34.2129112],[97.7873486,34.2120284],[97.7865064,34.2117267],[97.7837115,34.2107552],[97.7834755,34.210631],[97.783336,34.2105245],[97.7832395,34.2103693],[97.7831376,34.2101918],[97.7825314,34.208608],[97.78207,34.2073082],[97.7819037,34.2068202],[97.7818394,34.2064165],[97.7818394,34.2059018],[97.7820432,34.2036037],[97.7820593,34.2031334],[97.7820164,34.2028051],[97.7819467,34.2025389],[97.7818125,34.2021795],[97.7816462,34.2018556],[97.7805358,34.2002673],[97.7789962,34.1980089],[97.7786475,34.1974809],[97.7780092,34.1966069],[97.7778,34.1962563],[97.7776283,34.1959147],[97.7774915,34.195542],[97.7772555,34.194588],[97.777226,34.1944505],[97.7763087,34.19067],[97.7761853,34.1901109],[97.776137,34.1897781],[97.7761477,34.1894408],[97.7767914,34.186308],[97.7768451,34.1860107],[97.7768505,34.18574],[97.7768075,34.1854249],[97.7766842,34.1851098],[97.7764642,34.1847548],[97.7758044,34.1836898],[97.7754262,34.1831595],[97.7752009,34.1828311],[97.7746671,34.182374],[97.7743047,34.1820904],[97.7718347,34.1801574],[97.7711159,34.1795849],[97.7709335,34.1794074],[97.7707565,34.17915],[97.7704722,34.1787372],[97.7695227,34.1772328],[97.7683264,34.1753643],[97.7681118,34.175027],[97.76779,34.1746764],[97.7663898,34.173376],[97.7662128,34.1732118],[97.7659982,34.1731053],[97.7657354,34.1729944],[97.7635413,34.1722976],[97.7618676,34.171765],[97.7615029,34.1716673],[97.7611595,34.1716096],[97.7590942,34.1715075],[97.758649,34.1714898],[97.7581984,34.171512],[97.7561706,34.1716806],[97.7554303,34.1716984],[97.75491,34.1716407],[97.754395,34.1715564],[97.7539015,34.171441],[97.7529091,34.1711747],[97.7443635,34.168738],[97.7421158,34.1680855],[97.7415419,34.1679169],[97.7403386,34.1675628],[97.7382535,34.1669493],[97.7350992,34.1660793],[97.7324545,34.1653203],[97.7304536,34.16473],[97.7278089,34.1639266],[97.7271652,34.1637224],[97.7267897,34.1636336],[97.7262855,34.1635626],[97.723453,34.1631409],[97.7223426,34.1629367],[97.7218276,34.1627858],[97.7213931,34.1625861],[97.7209639,34.1623331],[97.7195692,34.1612899],[97.7183193,34.1603356],[97.7180618,34.1601669],[97.7176648,34.1599494],[97.7172142,34.1597452],[97.7166188,34.1595233],[97.715224,34.1591149],[97.7144569,34.1589018],[97.7135503,34.158631],[97.713148,34.1585289],[97.708497,34.1576278],[97.7081859,34.1575435],[97.707966,34.1574369],[97.7077246,34.1572727],[97.7075314,34.1570907],[97.707333,34.1568244],[97.7071643,34.1564961],[97.704839,34.1521236],[97.7047849,34.1520256],[97.7034299,34.1494495],[97.7022782,34.1473573],[97.7020705,34.1471377],[97.7018237,34.1469379],[97.700915,34.1463066],[97.6957068,34.1426884],[97.6901133,34.1388598],[97.6864969,34.1369023],[97.6849104,34.1363963],[97.6831007,34.1360605],[97.6820124,34.1361085],[97.6807534,34.1364622],[97.6789046,34.1369145],[97.6772835,34.1373291],[97.6761717,34.1378486],[97.675366,34.138516],[97.674697,34.139191],[97.6746185,34.1392351],[97.6743753,34.1393437],[97.6741617,34.1394669],[97.673766,34.139561],[97.673442,34.139515],[97.673178,34.139133],[97.673,34.138676],[97.672774,34.138304],[97.672052,34.136722],[97.671653,34.136193],[97.67089,34.135365],[97.670342,34.135036],[97.665861,34.132988],[97.664906,34.13249],[97.664206,34.13199],[97.661452,34.129622],[97.660472,34.128903],[97.660122,34.128572],[97.65856,34.127469],[97.6581608,34.1272577],[97.657993,34.127183],[97.657309,34.126959],[97.656324,34.126524],[97.655788,34.126136],[97.654843,34.125146],[97.654676,34.125024],[97.652649,34.12285],[97.652092,34.122119],[97.64646,34.112248],[97.645775,34.111333],[97.643838,34.1091],[97.641508,34.105584],[97.641042,34.104971],[97.640543,34.104645],[97.6367498,34.1029258],[97.634833,34.102057],[97.6202728,34.0927808],[97.618148,34.091427],[97.617135,34.090733],[97.61642,34.08998],[97.615863,34.089014],[97.6135358,34.0845412],[97.6132732,34.0840366],[97.6065145,34.0710454],[97.6061875,34.0705574],[97.60175,34.065052],[97.600953,34.064299],[97.598984,34.062782],[97.591458,34.058848],[97.591049,34.058619],[97.590673,34.058264],[97.589987,34.056927],[97.588554,34.053772],[97.58723,34.051028],[97.586661,34.050163],[97.584174,34.046704],[97.583487,34.045845],[97.58258,34.045309],[97.57732,34.042864],[97.572786,34.041028],[97.570292,34.040109],[97.563555,34.037515],[97.562636,34.037049],[97.561764,34.036515],[97.555356,34.032447],[97.554499,34.032079],[97.547979,34.029615],[97.539707,34.026832],[97.536412,34.025677],[97.534356,34.025023],[97.525138,34.023614],[97.522417,34.02315],[97.521741,34.023085],[97.520304,34.022853],[97.518552,34.022495],[97.517828,34.022232],[97.5163579,34.021521],[97.508611,34.017774],[97.507505,34.017224],[97.506563,34.016691],[97.505507,34.015931],[97.500701,34.011869],[97.49992,34.011358],[97.499271,34.011123],[97.497789,34.010762],[97.489491,34.008871],[97.488397,34.008533],[97.487975,34.008354],[97.464876,33.99763],[97.448307,33.988754],[97.447412,33.988436],[97.438068,33.985496],[97.437045,33.984976],[97.433359,33.982786],[97.432822,33.982556],[97.432239,33.982429],[97.426256,33.981475],[97.422945,33.981003],[97.417535,33.980403],[97.417022,33.980306],[97.416446,33.980295],[97.413671,33.980011],[97.412842,33.979888],[97.402359,33.976975],[97.400903,33.976608],[97.399799,33.976471],[97.392963,33.976007],[97.388885,33.975828],[97.364897,33.975801],[97.363854,33.975789],[97.363153,33.975713],[97.36177,33.975273],[97.350892,33.971392],[97.349391,33.970792],[97.348581,33.970363],[97.3403097,33.9652764],[97.3381032,33.9639421],[97.3357627,33.9626284],[97.3351965,33.9623019],[97.3345431,33.9617982],[97.3339562,33.9612539],[97.3333403,33.9606719],[97.3331152,33.9604308],[97.3328245,33.9601663],[97.3325431,33.9599096],[97.3320367,33.9594507],[97.3315678,33.9589762],[97.3306019,33.9580116],[97.3289982,33.9565259],[97.3278822,33.9554991],[97.3268506,33.9544956],[97.3261004,33.9539588],[97.3247968,33.953391],[97.3227148,33.952543],[97.3194325,33.9511894],[97.3170036,33.9501937],[97.3162439,33.9498358],[97.3153905,33.9492213],[97.3143683,33.9481321],[97.3126052,33.9451603],[97.3102607,33.9410135],[97.3094448,33.939543],[97.3081131,33.9381737],[97.3051965,33.9363841],[97.3020642,33.9343689],[97.3005376,33.9336947],[97.2974803,33.9322319],[97.2943855,33.9307224],[97.293429,33.9300999],[97.2902814,33.9273941],[97.2874117,33.9249973],[97.2842419,33.9222426],[97.2821224,33.9204994],[97.2808658,33.919083],[97.2798342,33.9164526],[97.2789151,33.9134952],[97.2770999,33.9083207],[97.2756515,33.9036884],[97.2751638,33.9022251],[97.2746762,33.9012287],[97.2738314,33.900671],[97.2732074,33.900233],[97.2723129,33.8996097],[97.2694432,33.897508],[97.2686683,33.8971304],[97.2668895,33.8962637],[97.2605585,33.8937145],[97.2554201,33.8916821],[97.2548367,33.8912465],[97.2456325,33.8816876],[97.2439751,33.880825],[97.2428211,33.880417],[97.2392952,33.8796886],[97.2389295,33.8795018],[97.2384512,33.8793071],[97.2372508,33.8787232],[97.2353283,33.8773139],[97.2330494,33.875671],[97.2324679,33.8752272],[97.230958,33.8742228],[97.2304516,33.8739581],[97.2299452,33.873631],[97.2293569,33.8735278],[97.2242058,33.8722684],[97.2235024,33.8719803],[97.220417,33.8700181],[97.2182975,33.8687099],[97.2139344,33.8658034],[97.2065934,33.8592407],[97.2017357,33.8546924],[97.198941,33.8522547],[97.1982752,33.8516784],[97.1975249,33.8512578],[97.1968872,33.8510008],[97.1944621,33.8501911],[97.1934511,33.8498535],[97.1875987,33.8477934],[97.1803917,33.8451194],[97.1772297,33.8439854],[97.1757742,33.8432586],[97.1744979,33.8424625],[97.1730074,33.8413543],[97.1703368,33.839284],[97.1674856,33.8370896],[97.1633154,33.833825],[97.1595071,33.8310229],[97.1577774,33.8296551],[97.1565669,33.8287186],[97.1559344,33.8282293],[97.1542737,33.8269572],[97.1526387,33.8257066],[97.1510036,33.8244538],[97.1496302,33.8235239],[97.1487643,33.8228953],[97.1478494,33.8222908],[97.1468554,33.8216662],[97.1462257,33.8212478],[97.1455317,33.8207933],[97.1441311,33.8197963],[97.1435913,33.8194524],[97.1431591,33.819229],[97.1429406,33.8191312],[97.1427039,33.8190603],[97.142102,33.8189413],[97.1405559,33.8187684],[97.1389605,33.8185782],[97.1374654,33.8184026],[97.1370491,33.8183173],[97.1368204,33.8182424],[97.1366199,33.818157],[97.1364516,33.8180775],[97.1362936,33.8179726],[97.136033,33.8177951],[97.1358629,33.8176496],[97.1357185,33.8174896],[97.1356015,33.817338],[97.1354795,33.8171301],[97.1353617,33.8168736],[97.1352812,33.8166048],[97.1352576,33.8163338],[97.1352546,33.8162992],[97.1352725,33.8160161],[97.1352769,33.8159466],[97.1353894,33.8155772],[97.1354575,33.8153935],[97.1355232,33.8152161],[97.1361074,33.8137158],[97.1361193,33.8136853],[97.1362803,33.8132957],[97.1362891,33.8132743],[97.136988,33.8115829],[97.1371674,33.8110068],[97.1371701,33.810984],[97.1372058,33.8106825],[97.1372117,33.8103555],[97.1371561,33.8096001],[97.1371244,33.8092854],[97.1371193,33.8092362],[97.1369067,33.8071888],[97.1368619,33.8067574],[97.1368697,33.8062652],[97.1369428,33.8058857],[97.1370342,33.8055506],[97.1371142,33.8053283],[97.1372298,33.8050898],[97.1373972,33.8048288],[97.1376016,33.8045459],[97.1381734,33.8038672],[97.138374,33.8036405],[97.1389906,33.8029151],[97.1390965,33.8027898],[97.1394649,33.8023486],[97.139631,33.8021496],[97.1400053,33.801711],[97.1439357,33.7970769],[97.1459433,33.7946521],[97.1474116,33.7929727],[97.1476466,33.792702],[97.1477861,33.7925103],[97.1478719,33.7923364],[97.1479256,33.7921492],[97.1479524,33.7919486],[97.1479524,33.7917613],[97.147931,33.7915926],[97.1477726,33.7910942],[97.147746,33.7908785],[97.1477399,33.7906788],[97.1477645,33.7904944],[97.14782,33.7903254],[97.1478939,33.7901718],[97.1480295,33.7899925],[97.1481774,33.7898492],[97.1483438,33.7897262],[97.1485471,33.7896341],[97.1487874,33.7895316],[97.1501575,33.7890765],[97.1504717,33.7889587],[97.1507367,33.7888153],[97.1510571,33.7885951],[97.1513313,33.7883533],[97.1519975,33.7876377],[97.1527857,33.7866837],[97.1531168,33.7862145],[97.1534241,33.785629],[97.1536115,33.7851501],[97.1537427,33.7846614],[97.1538526,33.7841817],[97.1544797,33.7813751],[97.1548979,33.7795585],[97.155143,33.7786292],[97.1554853,33.77759],[97.1558436,33.7767068],[97.1567353,33.7746523],[97.1577156,33.771968],[97.1587562,33.7687368],[97.1600885,33.7644607],[97.1615426,33.7599909],[97.1617514,33.7592852],[97.161854,33.7589508],[97.1619319,33.7585826],[97.1619737,33.7583046],[97.1619811,33.7580288],[97.1619572,33.7577124],[97.1619117,33.7574615],[97.1618467,33.7571851],[97.1617437,33.7568525],[97.1594975,33.750299],[97.1589696,33.7487122],[97.1587937,33.7480721],[97.1587007,33.7475655],[97.1586546,33.7469769],[97.1586751,33.7464026],[97.1587264,33.7459127],[97.1588038,33.745457],[97.1589456,33.7449568],[97.1591275,33.7444284],[97.1616863,33.7383523],[97.1618693,33.7378832],[97.1622134,33.7370852],[97.163887,33.7330126],[97.1641082,33.7324743],[97.1650948,33.7300736],[97.170766,33.716272],[97.171367,33.715344],[97.172383,33.714517],[97.177149,33.7123304],[97.177475,33.7121442],[97.177716,33.711916],[97.1778365,33.7116991],[97.177905,33.7114282],[97.1780498,33.7094703],[97.1781915,33.7077732],[97.178389,33.706516],[97.179936,33.703925],[97.187835,33.6914137],[97.1893853,33.6889579],[97.1908055,33.6867083],[97.191638,33.685445],[97.1928694,33.6840632],[97.1931735,33.6836308],[97.1933637,33.6833057],[97.193506,33.682996],[97.1936099,33.6825946],[97.193676,33.682143],[97.193676,33.679867],[97.1936388,33.6757954],[97.193546,33.665619],[97.193459,33.664283],[97.193171,33.663396],[97.192849,33.6627422],[97.19208,33.661181],[97.1917907,33.6602391],[97.1913054,33.658539],[97.1906969,33.6563927],[97.1905267,33.6558893],[97.1903638,33.6555185],[97.190132,33.6550965],[97.189567,33.6542283],[97.18906,33.6536495],[97.188553,33.6530827],[97.1883574,33.6526908],[97.1882705,33.6522687],[97.1882994,33.6519793],[97.1884298,33.6516899],[97.1886544,33.6515392],[97.1892193,33.651298],[97.1905231,33.6507554],[97.1907549,33.6505383],[97.1908997,33.6503635],[97.1909432,33.6501524],[97.1909504,33.6498389],[97.190639,33.6481205],[97.1904941,33.6471316],[97.1903058,33.6465829],[97.1901102,33.6460945],[97.1896249,33.6452865],[97.188721,33.643962],[97.188419,33.643357],[97.188176,33.642618],[97.188057,33.641907],[97.188045,33.641293],[97.188252,33.635992],[97.18837,33.635124],[97.188837,33.634439],[97.190295,33.633211],[97.190927,33.632368],[97.190994,33.63178],[97.190917,33.625812],[97.190987,33.625113],[97.191262,33.624159],[97.192176,33.622351],[97.192429,33.621617],[97.192925,33.619626],[97.193043,33.61891],[97.193176,33.612064],[97.193396,33.61117],[97.194061,33.609318],[97.194465,33.608466],[97.195129,33.607854],[97.195974,33.607454],[97.201768,33.605094],[97.202645,33.604691],[97.203515,33.604207],[97.206641,33.602291],[97.217791,33.595332],[97.218761,33.594645],[97.220345,33.593109],[97.220834,33.592503],[97.2210289,33.5919522],[97.2212188,33.5914156],[97.2213169,33.5911384],[97.221993,33.589228],[97.222149,33.58845],[97.222177,33.587849],[97.222076,33.587178],[97.2219246,33.5867716],[97.221787,33.586402],[97.221339,33.585694],[97.214481,33.577779],[97.214042,33.576805],[97.213987,33.576004],[97.214344,33.572841],[97.214472,33.5686],[97.214616,33.567675],[97.2156,33.563105],[97.216857,33.552906],[97.217025,33.552106],[97.217238,33.551452],[97.217912,33.550202],[97.22828,33.536779],[97.228632,33.536031],[97.229988,33.532525],[97.231363,33.529264],[97.231967,33.527908],[97.232468,33.527044],[97.233525,33.52569],[97.236234,33.522697],[97.236543,33.522456],[97.237378,33.521973],[97.240232,33.520898],[97.240783,33.520531],[97.241344,33.520064],[97.241669,33.519668],[97.241897,33.519129],[97.2425816,33.5162348],[97.242731,33.515603],[97.242973,33.51492],[97.2435174,33.5142022],[97.2437589,33.5138838],[97.2455086,33.5114834],[97.246576,33.510019],[97.246949,33.50919],[97.2469,33.508589],[97.241148,33.493161],[97.2410017,33.4926557],[97.240161,33.489752],[97.239694,33.48885],[97.239023,33.488024],[97.237712,33.486653],[97.237067,33.485789],[97.236763,33.484762],[97.236099,33.481451],[97.235961,33.480475],[97.236115,33.479622],[97.236497,33.478851],[97.237463,33.477669],[97.23898,33.475935],[97.239993,33.474903],[97.24103,33.473952],[97.2418918,33.4733162],[97.2421755,33.4731069],[97.24283,33.472542],[97.246631,33.469799],[97.248813,33.468877],[97.249642,33.468441],[97.251006,33.467184],[97.251227,33.46704],[97.252061,33.46665],[97.252892,33.466415],[97.254028,33.466205],[97.254891,33.465967],[97.255562,33.465681],[97.258153,33.464389],[97.258687,33.464063],[97.259254,33.463534],[97.26022,33.4621583],[97.260893,33.4612],[97.261234,33.460786],[97.261606,33.460463],[97.26363,33.458986],[97.264754,33.458196],[97.265208,33.457931],[97.266151,33.457492],[97.268082,33.456778],[97.269132,33.456333],[97.270296,33.455743],[97.271306,33.455108],[97.274059,33.452772],[97.274734,33.452095],[97.277509,33.447933],[97.27831,33.447203],[97.281151,33.445313],[97.281981,33.444705],[97.282514,33.443998],[97.282998,33.443191],[97.288966,33.433034],[97.289239,33.43242],[97.290119,33.429909],[97.290597,33.428904],[97.296793,33.4175284],[97.29729,33.4165024],[97.2978066,33.415475],[97.2986478,33.4140247],[97.298928,33.4135063],[97.2990757,33.4132481],[97.2998494,33.4118005],[97.3001844,33.4111924],[97.3004625,33.4106956],[97.3015055,33.4090339],[97.3026608,33.4074522],[97.309453,33.399585],[97.3129038,33.3958651],[97.3131875,33.3955379],[97.3134774,33.3952242],[97.3139965,33.3945909],[97.325024,33.382059],[97.326622,33.38008],[97.32749,33.378855],[97.3281296,33.3778976],[97.3283573,33.3775288],[97.3316413,33.3722089],[97.332304,33.370983],[97.332975,33.369838],[97.334477,33.367004],[97.335048,33.366409],[97.339494,33.362169],[97.340832,33.361008],[97.344736,33.358391],[97.345675,33.357631],[97.347733,33.355717],[97.348881,33.354915],[97.350068,33.3544],[97.3707725,33.3474379],[97.3841385,33.3429432],[97.392123,33.340258],[97.393059,33.33985],[97.394362,33.33905],[97.3947524,33.3387683],[97.396294,33.337656],[97.396921,33.337311],[97.4071159,33.3327126],[97.413074,33.330025],[97.413582,33.3297991],[97.414916,33.329206],[97.415098,33.329159],[97.415436,33.32897],[97.4188628,33.3274292],[97.428137,33.323259],[97.431765,33.321585],[97.434339,33.320121],[97.439816,33.316528],[97.440761,33.315797],[97.441553,33.315052],[97.442894,33.313488],[97.457594,33.295277],[97.458181,33.294365],[97.458467,33.293756],[97.4603332,33.2884968],[97.460562,33.287852],[97.460731,33.287235],[97.460827,33.286641],[97.460821,33.286069],[97.4606944,33.285439],[97.460654,33.285238],[97.460512,33.284871],[97.457883,33.279056],[97.457526,33.278235],[97.457394,33.277799],[97.457341,33.277263],[97.457438,33.27661],[97.457751,33.275648],[97.457878,33.274976],[97.457517,33.262872],[97.457612,33.262223],[97.457861,33.261395],[97.45929,33.257662],[97.459587,33.256717],[97.460397,33.253666],[97.461523,33.248812],[97.461717,33.248372],[97.462014,33.247938],[97.46763,33.242001],[97.46837,33.241154],[97.4708299,33.2379125],[97.4711589,33.2374249],[97.4715773,33.2363768],[97.4717383,33.2355229],[97.4716953,33.2340332],[97.4710945,33.2323012],[97.4705044,33.2312153],[97.4704508,33.2306589],[97.4706761,33.2302641],[97.4712018,33.229923],[97.4718777,33.2298526],[97.4745599,33.2303462],[97.47515,33.2302923],[97.4782777,33.2286148],[97.4795031,33.2278558],[97.484945,33.222384],[97.486812,33.220437],[97.487071,33.219789],[97.48706,33.219254],[97.485778,33.215472],[97.485646,33.215047],[97.485579,33.21456],[97.486115,33.208178],[97.486096,33.207234],[97.485865,33.206348],[97.485636,33.205901],[97.48536,33.205525],[97.484889,33.205066],[97.484435,33.204722],[97.483836,33.204403],[97.482813,33.203981],[97.481755,33.203588],[97.481361,33.2035],[97.47772,33.202923],[97.473895,33.202025],[97.473016,33.201757],[97.47051,33.200824],[97.4702149,33.200749],[97.4697201,33.2007322],[97.469183,33.201009],[97.468193,33.201914],[97.467275,33.202416],[97.466429,33.202798],[97.465857,33.202909],[97.465245,33.202863],[97.46389,33.20262],[97.463539,33.202626],[97.462569,33.202771],[97.461817,33.202953],[97.460561,33.203328],[97.459206,33.20383],[97.457403,33.20412],[97.456827,33.204267],[97.455589,33.204783],[97.455176,33.204902],[97.454427,33.205347],[97.454103,33.205654],[97.453899,33.205927],[97.453179,33.206136],[97.452861,33.205978],[97.452317,33.205561],[97.451756,33.20535],[97.451261,33.205281],[97.450518,33.205358],[97.449462,33.205617],[97.447451,33.206016],[97.447115,33.206207],[97.446923,33.206517],[97.446578,33.207581],[97.446604,33.208085],[97.4467972,33.2087744],[97.4467542,33.2089801],[97.4466171,33.2091169],[97.446384,33.209201],[97.446152,33.209212],[97.445833,33.209109],[97.44537,33.208794],[97.444838,33.208238],[97.444392,33.20736],[97.44401,33.206042],[97.443908,33.205876],[97.443284,33.205574],[97.442809,33.205495],[97.442361,33.205534],[97.441085,33.205376],[97.440227,33.205224],[97.438586,33.204817],[97.43726,33.204347],[97.43568,33.203625],[97.434287,33.202893],[97.432927,33.20196],[97.43099,33.1995394],[97.4304324,33.1995058],[97.430088,33.199789],[97.429438,33.200277],[97.42927,33.20083],[97.429631,33.202245],[97.429608,33.202536],[97.42943,33.20289],[97.429047,33.203235],[97.42859,33.203336],[97.428233,33.203313],[97.4279293,33.2031995],[97.427671,33.203103],[97.427123,33.202418],[97.425979,33.200305],[97.425368,33.19958],[97.424529,33.199191],[97.421715,33.198657],[97.418161,33.197533],[97.415203,33.196804],[97.411209,33.196321],[97.408561,33.195873],[97.407756,33.195688],[97.406492,33.195064],[97.406192,33.194884],[97.405935,33.19466],[97.405731,33.1944],[97.405369,33.193769],[97.4049514,33.1931572],[97.4039603,33.1922454],[97.4024608,33.1910737],[97.4018496,33.1904063],[97.400985,33.1894021],[97.3997775,33.188323],[97.3986297,33.1872314],[97.3978098,33.1867324],[97.3961782,33.1860882],[97.3954298,33.1855942],[97.3947206,33.1849511],[97.3944179,33.1846767],[97.3932479,33.1838387],[97.3917195,33.1832035],[97.3901173,33.1826566],[97.3893584,33.1824007],[97.3885573,33.1822772],[97.3879038,33.182189],[97.3872608,33.1819508],[97.3862278,33.1813509],[97.3855216,33.1809098],[97.384847,33.1807069],[97.3813685,33.1803628],[97.3806939,33.1801688],[97.3799772,33.1798159],[97.3794817,33.17956],[97.378765,33.1793924],[97.3778479,33.1792954],[97.3770995,33.1790395],[97.3748122,33.1779544],[97.3726725,33.1771516],[97.3715895,33.1767802],[97.3713648,33.1766943],[97.3712093,33.1766247],[97.3709545,33.1764743],[97.3702861,33.1759889],[97.3700532,33.1757986],[97.3699006,33.1756364],[97.3698114,33.1754806],[97.3697421,33.1753339],[97.3696979,33.1750761],[97.3697,33.1744166],[97.3696262,33.1738519],[97.3694048,33.1727756],[97.3692151,33.1720962],[97.3689305,33.1713462],[97.3688778,33.1706139],[97.3688883,33.1700404],[97.3686881,33.1694846],[97.36814,33.1681611],[97.3678764,33.1665464],[97.367771,33.1652758],[97.3678898,33.1646217],[97.3678941,33.1643506],[97.3678485,33.1641665],[97.3677278,33.1638925],[97.3676028,33.1637223],[97.3670612,33.1633182],[97.3668054,33.1630955],[97.3665744,33.1628193],[97.3650357,33.1606601],[97.363415,33.158653],[97.362613,33.15775],[97.361267,33.156622],[97.360617,33.155643],[97.359975,33.154141],[97.359152,33.151407],[97.358964,33.15096],[97.35849,33.150149],[97.35726,33.148655],[97.356784,33.147703],[97.356553,33.146798],[97.356436,33.146582],[97.356356,33.146253],[97.356035,33.145941],[97.355656,33.145303],[97.355442,33.144486],[97.355392,33.143678],[97.3554714,33.1430326],[97.355457,33.142459],[97.355162,33.141882],[97.3547914,33.1413942],[97.3524375,33.1390434],[97.3515186,33.1379845],[97.3509584,33.1371248],[97.3499315,33.1352572],[97.34952,33.134764],[97.3485229,33.1336466],[97.3484555,33.1335791],[97.3475897,33.1327132],[97.347256,33.132355],[97.3470533,33.1320798],[97.3468602,33.1317496],[97.346394,33.130964],[97.3462647,33.1307591],[97.3461067,33.1305418],[97.3459241,33.1303391],[97.3457376,33.1301535],[97.3455115,33.1299607],[97.3453847,33.1298664],[97.3451248,33.1297079],[97.3426089,33.1284118],[97.341267,33.1277126],[97.3411297,33.127641],[97.3404569,33.1272905],[97.3400286,33.1270664],[97.3399324,33.1270049],[97.3397335,33.1268777],[97.3394293,33.1266243],[97.3392109,33.1264046],[97.3388994,33.1260398],[97.3383706,33.1253114],[97.3381291,33.1249604],[97.3379526,33.1246696],[97.3378426,33.124382],[97.3376413,33.123471],[97.337577,33.1232319],[97.3374993,33.1230612],[97.3373732,33.1229085],[97.3372348,33.1227715],[97.3362302,33.1220532],[97.335906,33.12181],[97.335737,33.121655],[97.3356058,33.1215027],[97.3354769,33.1213045],[97.3353847,33.1210997],[97.335324,33.1208979],[97.3352918,33.1206508],[97.3352854,33.1204609],[97.3353133,33.1202667],[97.3353747,33.1200693],[97.3355761,33.1195928],[97.3356378,33.1193547],[97.335633,33.1191837],[97.3355734,33.1190065],[97.3354849,33.1188627],[97.335232,33.118551],[97.334499,33.117717],[97.3342404,33.1174519],[97.333948,33.1172228],[97.3334545,33.1168903],[97.3331594,33.1166791],[97.3329354,33.1164779],[97.3326284,33.1161557],[97.3323601,33.1158883],[97.3319648,33.1155371],[97.3317191,33.1153379],[97.3314589,33.115138],[97.3307225,33.1146135],[97.3301605,33.1142015],[97.3298576,33.1140169],[97.3296136,33.1139046],[97.3293346,33.1138148],[97.3285182,33.1136304],[97.3280176,33.1135205],[97.3277789,33.1134441],[97.3274611,33.1133145],[97.3246139,33.111858],[97.3241714,33.1116243],[97.3237661,33.1113789],[97.32193,33.1101635],[97.3217064,33.1100651],[97.3215213,33.1100022],[97.3212907,33.1099663],[97.3211002,33.1099663],[97.3208776,33.1099932],[97.3207138,33.1100314],[97.3200086,33.1102291],[97.3197404,33.1102651],[97.3194909,33.1102696],[97.3192263,33.1102162],[97.3189556,33.1101309],[97.318709,33.1100234],[97.3174793,33.1093139],[97.3169214,33.1089687],[97.316393,33.108607],[97.3151967,33.1077443],[97.3149821,33.107605],[97.3147944,33.1075196],[97.3145744,33.1074477],[97.3143373,33.1074016],[97.3121512,33.1073031],[97.311801,33.1072747],[97.311573,33.1072298],[97.3113209,33.1071511],[97.3111036,33.1070613],[97.310755,33.1068995],[97.3104975,33.1068051],[97.3102386,33.1067273],[97.3099595,33.1066601],[97.3096635,33.1066078],[97.3072733,33.1062149],[97.3068684,33.1061356],[97.306509,33.106039],[97.3062274,33.1059401],[97.3058784,33.1057857],[97.3053484,33.1055277],[97.3048647,33.1052727],[97.3043911,33.1050377],[97.3039668,33.1048362],[97.3036122,33.104655],[97.3033118,33.1044752],[97.3029569,33.1042177],[97.3022102,33.1036076],[97.3015346,33.1030652],[97.301194,33.1028133],[97.300882,33.1026092],[97.3003828,33.1023452],[97.3000637,33.1021542],[97.2998642,33.1019936],[97.2996908,33.1018149],[97.2995567,33.1016329],[97.299428,33.1013948],[97.2993422,33.1011543],[97.2993035,33.1009127],[97.2992483,33.1001234],[97.2991919,33.0998826],[97.2991061,33.0996781],[97.2989774,33.0994354],[97.2988272,33.0992175],[97.2986315,33.0990135],[97.2984065,33.0988202],[97.2982103,33.0986962],[97.2979286,33.0985614],[97.2975853,33.0984333],[97.2972741,33.0983589],[97.296488,33.09827],[97.2962818,33.0982288],[97.2960618,33.0981569],[97.2959089,33.0980738],[97.2957399,33.0979547],[97.2956192,33.0978446],[97.2955012,33.0977098],[97.2954074,33.0975592],[97.2953349,33.0973795],[97.2952893,33.0971907],[97.2952518,33.0969143],[97.2951177,33.0953886],[97.2950909,33.0951661],[97.2950131,33.0949235],[97.294887,33.0945796],[97.2945061,33.0936404],[97.2944176,33.0933527],[97.2943667,33.0930988],[97.2943184,33.0928292],[97.2942969,33.0924471],[97.2942486,33.092155],[97.294195,33.0919393],[97.2941172,33.0917371],[97.2939965,33.0914899],[97.293849,33.0912741],[97.2930872,33.0903932],[97.2929424,33.090173],[97.2928566,33.0900157],[97.2927949,33.0898112],[97.292752,33.0896202],[97.2927546,33.0894],[97.2927922,33.0891775],[97.2928432,33.0889685],[97.2929075,33.088818],[97.2930363,33.088609],[97.2932911,33.0882786],[97.2940126,33.0873865],[97.2941306,33.0872157],[97.2942138,33.0870516],[97.2943023,33.0868247],[97.2943559,33.0865954],[97.2943827,33.0863078],[97.294372,33.0860156],[97.2943184,33.0857482],[97.2942272,33.0854987],[97.2941279,33.0852987],[97.2939563,33.0850336],[97.2937068,33.084683],[97.2934708,33.0844245],[97.2932616,33.084238],[97.2929987,33.0840357],[97.2925803,33.0837863],[97.2922182,33.083584],[97.2919714,33.08342],[97.2918374,33.0833145],[97.2917515,33.0832469],[97.2915181,33.0830312],[97.291325,33.0828064],[97.2911829,33.0825907],[97.2910488,33.0823592],[97.2909442,33.082121],[97.2908691,33.081849],[97.2908074,33.0815973],[97.2907779,33.0810984],[97.2907108,33.0806984],[97.2906706,33.0805006],[97.2905955,33.0802714],[97.2904533,33.079941],[97.2902682,33.0796039],[97.2900617,33.079269],[97.2897962,33.0789903],[97.2895789,33.0787835],[97.289308,33.0785992],[97.2889727,33.0783902],[97.2887555,33.0782284],[97.2885919,33.0780801],[97.2884738,33.077889],[97.288388,33.077698],[97.2882271,33.0772846],[97.2880286,33.0767743],[97.2877201,33.0759674],[97.2876102,33.0757022],[97.2875163,33.0755224],[97.2873768,33.0753381],[97.2872132,33.0751673],[97.286827,33.0748369],[97.2866875,33.0746908],[97.2865963,33.0745537],[97.2865319,33.0744076],[97.2865105,33.0742952],[97.2865105,33.0741738],[97.2865212,33.0740502],[97.2865829,33.0738524],[97.286658,33.0736771],[97.2868028,33.0734231],[97.2868833,33.0732725],[97.2869316,33.0731579],[97.2869664,33.0729983],[97.2870147,33.0727983],[97.287012,33.0726117],[97.2869691,33.0724387],[97.286886,33.0722229],[97.2867894,33.0720521],[97.2866365,33.0718386],[97.2836888,33.068222],[97.2835788,33.0680534],[97.2834769,33.0678511],[97.2834206,33.0677095],[97.2834018,33.0675589],[97.2834232,33.0673813],[97.2834688,33.0672397],[97.283552,33.0670577],[97.2836566,33.0668891],[97.2846973,33.065446],[97.2847858,33.0652886],[97.2848394,33.065129],[97.2848824,33.0649784],[97.284885,33.0647582],[97.2848448,33.0645918],[97.2847617,33.0644232],[97.2846517,33.0642861],[97.2844827,33.06414],[97.2842628,33.0640141],[97.2839597,33.0638703],[97.2824147,33.0631532],[97.2822055,33.0630408],[97.2820419,33.0629396],[97.281889,33.062825],[97.2817147,33.0626721],[97.2814465,33.0624046],[97.2789761,33.060069],[97.2787911,33.0598735],[97.278614,33.0596554],[97.2784665,33.0594059],[97.2782224,33.0589383],[97.2771469,33.0568522],[97.2770852,33.0566948],[97.2770342,33.0565082],[97.2769967,33.0562789],[97.2769683,33.055623],[97.2769296,33.0551481],[97.2769028,33.0549548],[97.2768545,33.0547457],[97.2767793,33.0544863],[97.2759585,33.0519749],[97.2758755,33.0516568],[97.2758433,33.051441],[97.275838,33.0512071],[97.2758809,33.0509643],[97.2759756,33.0507251],[97.2760767,33.0505597],[97.2761893,33.0504045],[97.2765218,33.0500075],[97.2772987,33.0490956],[97.2774366,33.0489072],[97.2775466,33.0487054],[97.2775894,33.0485453],[97.2776055,33.0484036],[97.2775937,33.0482713],[97.2775277,33.0480866],[97.2774473,33.0479337],[97.2773024,33.0477314],[97.2771289,33.0475506],[97.2769457,33.0473964],[97.2766989,33.0472458],[97.2764817,33.0471536],[97.2761649,33.047046],[97.275684,33.046937],[97.2752774,33.0468141],[97.2750628,33.0467129],[97.274888,33.046604],[97.2747517,33.0464634],[97.274645,33.046306],[97.2745697,33.0460845],[97.2745451,33.0458855],[97.2744325,33.0441588],[97.2742767,33.0413967],[97.2742581,33.0409458],[97.2742555,33.0404782],[97.2742969,33.039332],[97.2743118,33.0389065],[97.274293,33.0385917],[97.2742152,33.0382814],[97.2740754,33.0379063],[97.2728137,33.0353319],[97.2726649,33.0350795],[97.2724932,33.0348344],[97.2722653,33.0345902],[97.270636,33.0329921],[97.2704447,33.0327775],[97.2703136,33.0325467],[97.2702371,33.0323442],[97.2702,33.032109],[97.270216,33.0319044],[97.2702563,33.0316773],[97.2705379,33.0306878],[97.2705889,33.0304112],[97.2706023,33.0301751],[97.2705755,33.0299165],[97.2705272,33.0296759],[97.2702536,33.0289226],[97.2702187,33.0287292],[97.2702107,33.0285201],[97.2702402,33.0282974],[97.2703609,33.0279286],[97.2705486,33.0274631],[97.2708598,33.0265276],[97.270892,33.026314],[97.2708893,33.0261183],[97.2708276,33.0259339],[97.2706613,33.0256528],[97.2704682,33.0253605],[97.2703662,33.0251536],[97.2703126,33.0249467],[97.2702858,33.0247128],[97.2702804,33.0234647],[97.2702455,33.023269],[97.2702088,33.0231187],[97.2701525,33.0229936],[97.2700471,33.0228575],[97.2699264,33.022736],[97.268987,33.0218775],[97.2687961,33.0216885],[97.2686818,33.0215104],[97.2686148,33.0213395],[97.2685766,33.0211517],[97.2685692,33.0210111],[97.2685735,33.0203074],[97.2685539,33.020099],[97.2684941,33.0198619],[97.268419,33.0196415],[97.2683144,33.0194323],[97.268182,33.0191912],[97.2680569,33.0190185],[97.2678718,33.0188071],[97.2676626,33.0186115],[97.2674379,33.018419],[97.2634424,33.0150873],[97.2630706,33.0147678],[97.262848,33.0145474],[97.2625911,33.014248],[97.2623759,33.0139829],[97.2621775,33.0137085],[97.2619736,33.0133688],[97.2617215,33.01291],[97.2616169,33.0127346],[97.2615042,33.0125929],[97.261386,33.0124585],[97.2612736,33.0123612],[97.2611394,33.0122578],[97.2609088,33.0120823],[97.2604579,33.011763],[97.2596964,33.0112659],[97.2592331,33.0109322],[97.2590312,33.010798],[97.2587066,33.0106095],[97.2584921,33.0104944],[97.2582453,33.0103842],[97.2579074,33.0102537],[97.2575936,33.0101592],[97.2572744,33.0100805],[97.2569471,33.0100165],[97.2540631,33.0095643],[97.2523339,33.0093347],[97.2510651,33.0090864],[97.2499895,33.0088524],[97.2496864,33.008776],[97.2494412,33.0086803],[97.2492352,33.0085453],[97.2489887,33.0083351],[97.2487718,33.0080554],[97.2473966,33.0060816],[97.2473243,33.0059627],[97.2472606,33.0058491],[97.2472268,33.0057169],[97.2472487,33.0056037],[97.2473261,33.0054087],[97.2474173,33.0052175],[97.2478032,33.0045017],[97.2478464,33.0043605],[97.2478732,33.0042278],[97.2478726,33.0039598],[97.2478169,33.0038094],[97.2477525,33.0036655],[97.2476104,33.0035125],[97.2474295,33.0033808],[97.2464676,33.0028105],[97.2462472,33.0026088],[97.2460601,33.0023991],[97.2459474,33.0022191],[97.2458748,33.0020207],[97.2458214,33.0018502],[97.2458014,33.0016607],[97.2457844,33.0014927],[97.2458053,33.0012923],[97.2458535,33.0011259],[97.246135,33.0004484],[97.2462398,33.0001429],[97.2465996,32.9988276],[97.24733,32.997136],[97.247965,32.996194],[97.24857,32.994144],[97.248959,32.993678],[97.249502,32.993407],[97.249903,32.993298],[97.250157,32.993279],[97.250264,32.993189],[97.250684,32.993161],[97.251061,32.993079],[97.252466,32.992523],[97.25319,32.99218],[97.255494,32.990736],[97.25582,32.990071],[97.255822,32.989764],[97.255419,32.989277],[97.255109,32.989238],[97.254081,32.989435],[97.253018,32.989581],[97.252098,32.989121],[97.251154,32.988374],[97.250489,32.987709],[97.249912,32.986962],[97.249596,32.986373],[97.249532,32.985402],[97.249413,32.984553],[97.249127,32.983417],[97.248456,32.981844],[97.248101,32.981147],[97.247329,32.980513],[97.246924,32.980351],[97.245732,32.980053],[97.244676,32.979574],[97.243655,32.979026],[97.242793,32.97919],[97.242286,32.979377],[97.241546,32.980029],[97.2412542,32.9803361],[97.240994,32.98061],[97.240391,32.981102],[97.237717,32.982484],[97.237534,32.982532],[97.2371125,32.9825283],[97.235996,32.9823343],[97.2352597,32.9823127],[97.2341028,32.9825254],[97.2338024,32.9825636],[97.2335112,32.9825465],[97.233097,32.9824579],[97.2325819,32.982368],[97.2320769,32.9823754],[97.2316576,32.9824746],[97.2312616,32.9826398],[97.2309726,32.9828381],[97.230697,32.9831],[97.230335,32.983464],[97.229824,32.983879],[97.22906,32.984245],[97.227778,32.984768],[97.2273595,32.9848875],[97.2261337,32.9848912],[97.225591,32.9850022],[97.2252275,32.985265],[97.2246724,32.9858799],[97.223898,32.986549],[97.223148,32.987325],[97.2225067,32.9882394],[97.222452,32.988357],[97.222107,32.989074],[97.221897,32.989343],[97.22153,32.989713],[97.220358,32.990646],[97.219642,32.991127],[97.218857,32.991353],[97.217731,32.991586],[97.216417,32.992001],[97.2125,32.99379],[97.2119922,32.9938749],[97.2115477,32.993822],[97.2112711,32.9936717],[97.2105717,32.993201],[97.2101033,32.9930306],[97.2095477,32.9930724],[97.208759,32.993688],[97.207744,32.994051],[97.2066911,32.9940976],[97.205369,32.994501],[97.204311,32.994647],[97.202725,32.995394],[97.202001,32.995523],[97.2011064,32.9953607],[97.200117,32.995417],[97.19888,32.995668],[97.198065,32.996028],[97.197323,32.996481],[97.1966509,32.9963917],[97.1953876,32.9959891],[97.1944609,32.9957589],[97.1939824,32.9957306],[97.192689,32.9957057],[97.1914589,32.9955292],[97.1907506,32.9954593],[97.1901388,32.9955354],[97.1886298,32.9960221],[97.1880409,32.9964236],[97.1865744,32.997507],[97.1860714,32.9976229],[97.1854097,32.9976318],[97.1845157,32.9976516],[97.1826721,32.9981588],[97.1818739,32.9982005],[97.1816696,32.9982033],[97.1812008,32.9982096],[97.1804244,32.9980779],[97.1788179,32.9977193],[97.1774848,32.9977746],[97.1763762,32.9979027],[97.1756275,32.9981048],[97.1726342,32.9989471],[97.1720193,32.9988928],[97.1711192,32.9987886],[97.1704127,32.9985762],[97.1693016,32.9979376],[97.1687002,32.9977034],[97.1680265,32.9976376],[97.167456,32.99768],[97.1668052,32.9978407],[97.1660366,32.9983245],[97.1647841,32.999385],[97.1641919,32.9997618],[97.1635222,33.0000302],[97.1625377,33.0002628],[97.1620258,33.0003344],[97.1613802,33.0003138],[97.1607476,33.0000984],[97.1590909,32.9991466],[97.158357,32.9988429],[97.1577654,32.9988567],[97.1569291,32.999215],[97.156348,32.999511],[97.1557411,33.000059],[97.155218,33.0005563],[97.1548059,33.0009739],[97.1543598,33.0012487],[97.1538161,33.001375],[97.152266,33.0015453],[97.1518712,33.0016768],[97.1517564,33.001715],[97.1512312,33.00201],[97.1507449,33.0024674],[97.149986,33.003439],[97.148947,33.004314],[97.144453,33.007171],[97.143775,33.007541],[97.143589,33.0075916],[97.1429733,33.0077589],[97.1425545,33.0077503],[97.1420186,33.0077394],[97.1413533,33.0076359],[97.1399826,33.007233],[97.1381578,33.0066967],[97.1372683,33.0062633],[97.1367495,33.0060468],[97.1363314,33.0059982],[97.1357388,33.0060205],[97.1349812,33.0060649],[97.134463,33.0061357],[97.130939,33.006617],[97.1298869,33.0065511],[97.1243759,33.00615],[97.124023,33.0061881],[97.1237012,33.0062996],[97.1234463,33.0064299],[97.1231809,33.0066836],[97.1230168,33.0068672],[97.1228205,33.007073],[97.1225465,33.0072544],[97.1221099,33.0074528],[97.1203585,33.0079138],[97.1196555,33.0079762],[97.1191948,33.0079334],[97.1185411,33.0078087],[97.1163986,33.007259],[97.1157197,33.0071733],[97.1153348,33.0071587],[97.1151012,33.0071976],[97.114804,33.0072854],[97.1140216,33.0075386],[97.113718,33.007657],[97.1134775,33.0077515],[97.1132874,33.0078258],[97.11228,33.008253],[97.111799,33.008383],[97.1109067,33.0084429],[97.1104771,33.0084723],[97.1103256,33.0084827],[97.1093712,33.0085325],[97.1088599,33.0086511],[97.1087382,33.0086793],[97.1081074,33.0089476],[97.107665,33.0093956],[97.106824,33.010322],[97.106473,33.010508],[97.1057031,33.0105753],[97.105067,33.0105519],[97.1048518,33.010544],[97.1046216,33.0105194],[97.1034862,33.0103982],[97.1021283,33.0102721],[97.1017138,33.0102791],[97.101375,33.0103358],[97.1010548,33.0104396],[97.1007319,33.0105609],[97.0994378,33.0111677],[97.0990723,33.0113005],[97.0979233,33.0115259],[97.0971404,33.0116229],[97.096407,33.011806],[97.095944,33.012107],[97.094303,33.013501],[97.09367,33.013964],[97.09289,33.014387],[97.090781,33.015471],[97.0899274,33.0158468],[97.088121,33.016642],[97.086955,33.016903],[97.0863012,33.0168752],[97.0854448,33.0167454],[97.0818844,33.0157337],[97.0811063,33.0154383],[97.0795301,33.0152674],[97.0781783,33.0152493],[97.0770084,33.0153707],[97.0763902,33.0153707],[97.0755105,33.0151458],[97.0744011,33.014691],[97.0732102,33.0143941],[97.0720622,33.0142502],[97.0712683,33.0142952],[97.0702962,33.014498],[97.0696632,33.014633],[97.0689728,33.0147207],[97.0680646,33.0147139],[97.0670626,33.014673],[97.0660326,33.014736],[97.0651958,33.0149429],[97.064531,33.0152388],[97.0641818,33.0153852],[97.063919,33.0155097],[97.0627603,33.0161754],[97.0619277,33.0166572],[97.0611982,33.016954],[97.0604794,33.017134],[97.0598142,33.0172689],[97.0592455,33.0174578],[97.0584194,33.0177727],[97.0574431,33.0182675],[97.0560376,33.0190951],[97.0553501,33.0193736],[97.0546749,33.0196475],[97.053804,33.019884],[97.052935,33.02004],[97.050066,33.020281],[97.049136,33.020483],[97.0480074,33.0208787],[97.047652,33.020929],[97.046094,33.020967],[97.045123,33.02087],[97.044239,33.020496],[97.043401,33.019766],[97.041736,33.01816],[97.041322,33.017527],[97.040964,33.016416],[97.040811,33.016091],[97.04052,33.015665],[97.039899,33.015069],[97.039258,33.01471],[97.039016,33.0146177],[97.038723,33.014506],[97.038153,33.014383],[97.037312,33.014359],[97.0365811,33.0144824],[97.0356264,33.0146435],[97.0341925,33.0148855],[97.0341106,33.0148993],[97.0336162,33.014987],[97.0326032,33.0151537],[97.03224,33.015215],[97.0317937,33.0152681],[97.0314509,33.0153089],[97.030851,33.0152986],[97.0302067,33.0151501],[97.029134,33.014773],[97.0287282,33.0145906],[97.0276449,33.0141038],[97.0272499,33.0139263],[97.0271456,33.0138794],[97.027009,33.013818],[97.0268345,33.0137336],[97.025979,33.0133199],[97.024997,33.012845],[97.024681,33.012667],[97.024207,33.0122116],[97.02407,33.01208],[97.0234615,33.011383],[97.0233626,33.0112698],[97.0231397,33.0110145],[97.0220373,33.0097518],[97.0215721,33.009219],[97.0211671,33.0087551],[97.019579,33.006936],[97.0193766,33.0067756],[97.019063,33.006527],[97.018342,33.006173],[97.0179792,33.006066],[97.0176029,33.005955],[97.01743,33.005904],[97.0172485,33.005856],[97.0169631,33.0057805],[97.0166435,33.005696],[97.0162436,33.0055902],[97.0155587,33.0054091],[97.0143463,33.0051239],[97.014168,33.005082],[97.0138556,33.0050257],[97.0134867,33.0049591],[97.013109,33.004891],[97.012582,33.004901],[97.011997,33.004973],[97.0117731,33.0050291],[97.011426,33.005116],[97.0098914,33.0057117],[97.0096551,33.0048251],[97.009642,33.004776],[97.009583,33.0044724],[97.009575,33.0044301],[97.0095644,33.0043735],[97.0093544,33.0032423],[97.0091259,33.0020125],[97.0090738,33.0017582],[97.0089919,33.0013215],[97.0086653,32.9995808]]}}]}
